,City,Cloudiness [%],Country,Date [UNIX time],Humidity [%],Lat [deg],Lng [deg],Max Temp [F],Wind Speed [mph]
0,san cristobal,42,HN,1573345193,92,14.68,-86.92,67.24,6.35
1,alofi,6,NU,1573345487,78,-19.06,-169.92,78.8,12.75
2,bethel,40,US,1573345487,92,60.79,-161.76,30.2,13.87
3,lagos,20,NG,1573345393,88,6.46,3.39,80.6,4.7
4,hobart,20,AU,1573345487,62,-42.88,147.33,59.0,19.46
5,bluff,11,AU,1573345488,12,-23.58,149.07,78.51,6.76
6,saint-augustin,90,CA,1573345488,64,45.63,-73.98,36.0,9.17
7,busselton,51,AU,1573345488,85,-33.64,115.35,69.01,5.01
8,arraial do cabo,100,BR,1573345321,92,-22.97,-42.02,74.35,12.64
9,albany,20,US,1573345488,34,42.65,-73.75,35.6,12.75
10,hilo,1,US,1573345488,58,19.71,-155.08,87.8,11.41
11,jining,0,CN,1573345488,33,35.41,116.58,55.99,1.01
12,leningradskiy,11,RU,1573345489,61,69.38,178.42,19.27,6.89
13,souillac,56,FR,1573345489,93,45.6,-0.6,43.0,5.82
14,barrow,0,AR,1573345489,63,-38.31,-60.23,50.29,10.0
15,iisalmi,90,FI,1573345489,100,63.56,27.19,33.8,5.82
16,nikolskoye,90,RU,1573345489,93,59.7,30.79,39.2,4.47
17,avarua,36,CK,1573345489,74,-21.21,-159.78,78.8,10.29
18,jawad,0,IN,1573345489,62,24.6,74.86,67.77,5.19
19,opuwo,100,NA,1573345489,63,-18.06,13.84,69.84,1.99
20,sukumo,0,JP,1573345490,57,32.94,132.72,59.77,1.61
21,port elizabeth,1,US,1573345490,63,39.31,-74.98,39.0,3.31
22,new norfolk,20,AU,1573345490,63,-42.78,147.06,59.0,19.46
23,madimba,75,CM,1573345490,88,4.42,9.93,78.8,3.36
24,luderitz,0,NA,1573345490,87,-26.65,15.16,60.8,4.7
25,ous,0,RU,1573345490,81,60.91,61.52,8.71,3.18
26,kaitangata,100,NZ,1573345490,87,-46.28,169.85,51.01,8.01
27,nanortalik,100,GL,1573345490,75,60.14,-45.24,36.81,51.65
28,port alfred,99,ZA,1573345491,87,-33.59,26.89,64.99,8.99
29,rikitea,100,PF,1573345491,80,-23.12,-134.97,72.54,10.49
30,lujiang,17,CN,1573345491,51,31.26,117.28,60.8,13.42
31,castro,100,CL,1573345491,93,-42.48,-73.76,51.8,5.82
32,aklavik,20,CA,1573345192,65,68.22,-135.01,6.8,9.17
33,kalmunai,99,LK,1573345403,83,7.42,81.82,79.36,7.2
34,chuy,100,UY,1573345491,84,-33.69,-53.46,64.44,11.3
35,ushuaia,40,AR,1573345492,52,-54.81,-68.31,44.6,6.93
36,ribeira grande,0,PT,1573345492,80,38.52,-28.7,61.84,7.58
37,bredasdorp,100,ZA,1573345492,82,-34.53,20.04,64.99,12.75
38,gamba,33,CN,1573345492,62,28.28,88.52,23.4,1.05
39,ancud,92,CL,1573345492,93,-41.87,-73.83,51.8,5.82
40,kruisfontein,94,ZA,1573345492,82,-34.0,24.73,60.71,13.35
41,walvis bay,0,NA,1573345492,87,-22.95,14.51,57.99,3.36
42,thompson,40,CA,1573345492,84,55.74,-97.86,-0.41,2.24
43,shatalovo,100,RU,1573345493,93,53.28,37.58,43.63,10.22
44,tura,100,RU,1573345493,98,64.27,100.22,-10.43,3.62
45,mar del plata,23,AR,1573345369,66,-46.43,-67.52,47.95,15.82
46,guayaramerin,95,BO,1573345493,91,-10.82,-65.36,76.14,1.16
47,huarmey,83,PE,1573345493,79,-10.07,-78.15,63.61,2.37
48,kapaa,40,US,1573345493,69,22.08,-159.32,80.6,8.05
49,atuona,1,PF,1573345493,74,-9.8,-139.03,80.31,11.5
50,belmonte,100,PT,1573345493,91,40.36,-7.35,50.0,4.0
51,vaini,75,IN,1573345494,100,15.34,74.49,64.4,2.8
52,tiksi,98,RU,1573345494,98,71.64,128.87,-13.6,5.03
53,abakaliki,75,NG,1573345494,83,6.32,8.11,82.4,4.7
54,bosaso,0,SO,1573345494,70,11.28,49.18,81.19,14.18
55,vila franca do campo,20,PT,1573345494,87,37.72,-25.43,60.8,5.82
56,andros town,75,BS,1573345494,69,24.73,-77.79,75.99,18.34
57,cape town,0,ZA,1573345494,72,-33.93,18.42,64.99,5.82
58,willmar,100,US,1573345495,100,45.12,-95.04,39.2,5.82
59,lao cai,26,VN,1573345495,83,22.48,103.95,62.4,0.56
60,faanui,86,PF,1573345495,81,-16.48,-151.75,80.6,17.98
61,berlevag,100,NO,1573345495,78,70.86,29.09,17.6,6.93
62,humberto de campos,13,BR,1573345495,86,-2.6,-43.46,77.31,5.95
63,georgetown,40,GY,1573345496,83,6.8,-58.16,82.4,9.17
64,tarija,75,BO,1573345496,53,-21.53,-64.73,75.2,5.82
65,sinnamary,34,GF,1573345496,84,5.38,-52.96,81.82,11.61
66,katete,73,UG,1573345496,93,-0.78,29.75,57.61,2.73
67,bubaque,0,GW,1573345496,69,11.28,-15.83,84.02,13.13
68,qaanaaq,0,GL,1573345496,42,77.48,-69.36,-5.27,5.1
69,mataura,100,NZ,1573345496,93,-46.19,168.86,50.0,3.0
70,jamestown,0,AU,1573345496,30,-33.21,138.6,65.61,4.09
71,haines junction,0,CA,1573345497,94,60.75,-137.51,1.15,6.58
72,babol,0,IR,1573345497,81,36.55,52.68,50.0,6.93
73,grafton,0,AU,1573345497,19,-29.69,152.93,77.0,4.7
74,santa ines,75,EC,1573345497,87,-0.82,-78.63,51.8,6.93
75,burnie,100,AU,1573345497,61,-41.05,145.91,63.0,5.01
76,airai,36,TL,1573345497,31,-8.93,125.41,81.25,7.52
77,urengoy,1,RU,1573345497,96,65.96,78.37,-12.57,8.52
78,saint-leu,78,RE,1573345498,53,-21.15,55.28,71.6,8.05
79,dikson,100,RU,1573345498,94,73.51,80.55,9.16,14.27
80,butaritari,49,KI,1573345498,65,3.07,172.79,83.82,1.3
81,puerto colombia,75,CO,1573345498,83,10.99,-74.96,82.4,8.05
82,sabha,100,LY,1573345498,33,27.03,14.43,75.52,7.87
83,zhezkazgan,94,KZ,1573345498,79,47.8,67.71,42.08,18.19
84,carthage,1,US,1573345498,87,32.16,-94.34,55.0,1.77
85,massakory,56,TD,1573345499,13,13.0,15.73,84.72,8.84
86,bayanday,100,RU,1573345499,76,53.07,105.52,15.8,10.07
87,punta arenas,0,CL,1573345499,65,-53.16,-70.91,46.4,6.93
88,dobryanka,90,RU,1573345499,85,58.45,56.42,23.0,1.68
89,hermanus,82,ZA,1573345499,82,-34.42,19.24,64.99,8.99
90,watsa,97,CD,1573345499,97,3.04,29.53,64.92,1.92
91,grand-santi,87,GF,1573345499,96,4.27,-54.38,73.89,2.93
92,sao raimundo das mangabeiras,84,BR,1573345500,62,-7.02,-45.48,80.01,3.44
93,kralendijk,100,BQ,1573345434,81,12.15,-68.27,82.67,18.7
94,uvalde,1,US,1573345500,72,29.21,-99.79,64.0,3.36
95,chilca,75,PE,1573345500,54,-13.22,-72.34,59.0,8.05
96,katsuura,40,JP,1573345500,54,33.93,134.5,64.0,13.87
97,zaplavnoye,75,RU,1573345500,80,48.7,45.02,41.0,15.66
98,auki,0,NG,1573345429,26,12.18,6.51,78.33,5.91
99,oksfjord,0,NO,1573345501,84,70.24,22.35,19.4,5.82
100,santa rosa,0,AR,1573345255,43,-36.62,-64.29,67.69,9.22
101,puerto ayora,75,EC,1573345218,64,-0.74,-90.35,75.2,14.99
102,ponta do sol,90,BR,1573345501,89,-20.63,-46.0,69.53,5.32
103,pevek,0,RU,1573345501,75,69.7,170.27,5.81,3.65
104,martapura,84,ID,1573345501,94,-3.41,114.85,75.2,4.7
105,porto novo,20,BR,1573345502,83,-23.68,-45.44,71.6,9.17
106,namatanai,100,PG,1573345215,75,-3.66,152.44,80.76,2.44
107,bambous virieux,20,MU,1573345502,88,-20.34,57.76,70.0,4.7
108,fethiye,0,TR,1573345502,87,36.62,29.12,55.4,6.93
109,cherskiy,0,RU,1573345502,88,68.75,161.3,-0.78,1.12
110,hasaki,20,JP,1573345502,71,35.73,140.83,57.0,6.93
111,chapleau,90,CA,1573345502,100,47.85,-83.4,28.4,4.7
112,batagay-alyta,74,RU,1573345503,84,67.8,130.41,-17.92,4.12
113,kondinskoye,52,RU,1573345503,90,59.65,67.41,7.65,5.21
114,tazovskiy,18,RU,1573345503,97,67.47,78.7,-9.15,9.15
115,inta,80,RU,1573345503,95,66.04,60.13,0.7,5.99
116,whitehorse,40,CA,1573345503,66,60.72,-135.06,12.2,2.24
117,miandrivazo,22,MG,1573345503,57,-19.53,45.46,79.39,4.63
118,port lincoln,0,AU,1573345503,54,-34.72,135.86,61.43,6.42
119,nha trang,90,VN,1573345503,100,12.24,109.19,73.4,2.24
120,eureka,1,US,1573345482,76,40.8,-124.16,59.0,9.17
121,saryg-sep,99,RU,1573345504,68,51.49,95.55,22.53,2.3
122,meulaboh,78,ID,1573345504,77,4.14,96.13,81.0,6.24
123,ghanzi,100,BW,1573345504,48,-21.7,21.65,74.88,5.41
124,jiayuguan,0,CN,1573345504,48,39.77,98.29,28.33,3.13
125,byron bay,90,AU,1573345236,19,-28.65,153.62,78.01,6.93
126,clyde river,90,CA,1573345504,85,70.47,-68.59,17.6,26.4
127,harper,40,US,1573345505,59,30.3,-99.24,64.4,4.7
128,kayan,20,MM,1573345505,88,16.91,96.56,77.0,2.24
129,mossendjo,99,CG,1573345505,98,-2.95,12.72,71.98,0.81
130,fortuna,40,US,1573345505,93,40.6,-124.16,59.0,6.93
131,wyndham,40,GB,1573345505,93,51.61,-3.54,44.01,8.05
132,saskylakh,100,RU,1573345505,97,71.97,114.09,0.43,5.48
133,oga,90,IT,1573345505,84,46.46,10.35,26.6,1.12
134,hithadhoo,57,MV,1573345505,78,-0.6,73.08,80.96,8.5
135,kununurra,87,AU,1573345506,52,-15.77,128.74,91.4,3.36
136,goundam,82,ML,1573345506,14,16.42,-3.66,83.43,14.12
137,vallenar,0,CL,1573345506,89,-28.58,-70.76,54.36,3.31
138,broken hill,0,AU,1573345506,54,-31.97,141.45,57.2,11.41
139,atar,85,MR,1573345506,21,20.52,-13.05,74.34,9.48
140,santa cruz,100,BR,1573345506,78,-6.22,-36.02,72.66,8.21
141,moindou,75,NC,1573345506,57,-21.69,165.68,80.6,12.75
142,zhigansk,100,RU,1573345506,92,66.77,123.37,5.67,16.06
143,severo-kurilsk,85,RU,1573345507,89,50.68,156.12,31.14,27.58
144,casablanca,39,MA,1573345507,81,33.6,-7.62,60.01,4.7
145,pisco,26,PE,1573345457,77,-13.71,-76.2,66.2,14.99
146,narsaq,100,GL,1573345507,23,60.91,-46.05,48.2,41.38
147,abu dhabi,6,AE,1573345369,69,24.47,54.37,78.8,6.93
148,inhambane,93,MZ,1573345507,80,-23.87,35.38,74.08,11.72
149,sangar,100,RU,1573345507,78,63.92,127.47,-4.11,10.07
150,saint-louis,49,SN,1573345508,78,16.03,-16.5,73.4,4.7
151,porbandar,39,IN,1573345399,63,21.64,69.61,80.26,18.9
152,provideniya,100,RU,1573345508,99,64.42,-173.23,34.61,2.44
153,huangnihe,96,CN,1573345508,58,43.56,128.02,36.07,3.98
154,constitucion,90,MX,1573345346,31,23.99,-104.67,75.2,4.99
155,chirongui,40,YT,1573345508,83,-12.93,45.15,80.6,6.93
156,coahuayana,0,MX,1573345508,68,18.62,-100.35,78.04,0.45
157,axim,15,GH,1573345509,87,4.87,-2.24,77.2,2.95
158,mazyr,43,BY,1573345509,93,52.05,29.27,51.49,8.86
159,moron,4,HT,1573345509,77,18.56,-74.26,80.76,1.28
160,san patricio,98,PY,1573345509,83,-26.98,-56.83,77.67,6.78
161,iquique,90,CL,1573345509,72,-20.22,-70.14,64.4,4.7
162,szajol,70,HU,1573345509,100,47.18,20.3,51.01,5.68
163,victoria,75,BN,1573345510,83,5.28,115.24,78.8,3.36
164,tuktoyaktuk,20,CA,1573345510,71,69.44,-133.03,5.0,18.34
165,yumen,0,CN,1573345510,38,40.29,97.04,30.15,10.65
166,arlit,17,NE,1573345510,12,18.74,7.39,82.69,6.62
167,touros,40,BR,1573345510,78,-5.2,-35.46,77.0,5.82
168,kloulklubed,90,PW,1573345510,94,7.04,134.26,77.0,4.7
169,lagoa,40,PT,1573345510,82,37.14,-8.45,59.0,5.82
170,yeppoon,2,AU,1573345510,7,-23.13,150.74,84.2,8.05
171,labuhan,100,ID,1573345511,81,-2.54,115.51,79.47,0.98
172,chokurdakh,100,RU,1573345511,96,70.62,147.9,-4.46,6.2
173,diamantino,16,BR,1573345511,73,-14.4,-56.44,76.89,0.49
174,vanimo,100,PG,1573345511,75,-2.67,141.3,81.73,6.35
175,paciran,13,ID,1573345511,68,-6.9,112.33,83.52,3.76
176,poletayevo,0,RU,1573345512,92,55.04,61.11,12.2,4.47
177,tyrma,14,RU,1573345512,75,50.04,132.17,12.97,1.83
178,ilulissat,100,GL,1573345512,29,69.22,-51.1,35.6,26.4
179,biak,100,ID,1573345512,73,-0.91,122.88,80.89,8.1
180,bang krathum,100,TH,1573345512,94,16.58,100.3,77.0,1.12
181,oktyabrskiy,90,RU,1573345512,93,55.61,37.97,39.2,8.95
182,torbay,20,CA,1573345512,63,47.66,-52.73,35.01,19.46
183,oskarshamn,100,SE,1573345512,100,57.26,16.44,42.01,10.29
184,naryan-mar,0,RU,1573345513,96,67.67,53.09,1.44,7.61
185,kodiak,1,US,1573345513,50,39.95,-94.76,57.0,6.93
186,tezu,100,IN,1573345454,71,27.93,96.16,65.98,1.63
187,norman wells,20,CA,1573345513,84,65.28,-126.83,-0.41,2.24
188,hamilton,75,CA,1573345513,64,43.26,-79.87,41.0,12.75
189,paranapanema,100,BR,1573345513,90,-23.39,-48.72,69.28,12.1
190,cidreira,100,BR,1573345513,87,-30.17,-50.22,71.02,22.44
191,winnemucca,1,US,1573345514,12,40.97,-117.74,64.4,6.93
192,koslan,96,RU,1573345514,94,63.46,48.9,15.94,5.73
193,tasiilaq,87,GL,1573345514,74,65.61,-37.64,33.8,44.96
194,kenai,1,US,1573345514,48,60.55,-151.26,41.0,8.05
195,pokaran,14,IN,1573345514,27,26.93,71.92,69.62,5.68
196,sitka,0,US,1573345514,25,37.17,-99.65,59.0,1.99
197,cabo san lucas,75,MX,1573345285,25,22.89,-109.91,87.8,11.41
198,izyum,0,UA,1573345419,96,49.21,37.25,45.55,6.85
199,quatre cocos,20,MU,1573345515,88,-20.21,57.76,70.0,4.7
200,lerwick,5,GB,1573345515,56,60.15,-1.15,42.8,20.8
201,havoysund,0,NO,1573345515,85,71.0,24.66,19.4,11.41
202,presidencia roque saenz pena,100,AR,1573345515,84,-26.79,-60.44,73.62,3.31
203,ambon,33,FR,1573345515,87,47.55,-2.56,48.99,13.87
204,sehore,0,IN,1573345515,88,23.2,77.08,62.6,3.36
205,lebu,20,ET,1573345515,62,8.96,38.73,57.2,2.24
206,novikovo,82,RU,1573345516,93,51.15,37.89,44.01,8.43
207,uyuni,69,BO,1573345516,16,-20.46,-66.82,56.53,6.78
208,robe,93,ET,1573345516,92,7.12,40.01,47.88,3.49
209,mezen,100,RU,1573345516,91,65.85,44.24,15.22,8.19
210,esperance,94,AU,1573345516,19,-33.86,121.89,78.8,20.8
211,hami,0,CN,1573345516,35,42.84,93.51,30.7,0.4
212,iqaluit,40,CA,1573345359,84,63.75,-68.52,3.2,13.87
213,nanakuli,75,US,1573345517,74,21.39,-158.15,84.99,13.87
214,at-bashi,0,KG,1573345517,39,41.17,75.81,16.57,1.1
215,gatton,0,AU,1573345517,11,-27.56,152.28,82.99,4.7
216,fuxin,100,CN,1573345517,87,42.02,121.65,48.38,6.55
217,yerbogachen,97,RU,1573345517,92,61.28,108.01,-0.5,11.12
218,samarai,100,PG,1573345517,84,-10.62,150.67,80.67,5.26
219,kindu,89,CD,1573345517,97,-2.95,25.92,69.04,0.74
220,kolga,90,EE,1573345517,100,59.49,25.62,44.01,4.7
221,lima,90,PE,1573345503,82,-12.06,-77.04,66.2,11.41
222,fairbanks,1,US,1573345518,84,64.84,-147.72,18.0,2.95
223,tuatapere,100,NZ,1573345518,93,-46.13,167.69,50.0,3.0
224,ambilobe,55,MG,1573345518,75,-13.19,49.05,76.12,8.97
225,yellowknife,75,CA,1573345518,64,62.45,-114.38,-0.41,9.17
226,palmdale,1,US,1573345446,7,34.58,-118.12,91.4,5.82
227,uchaly,10,RU,1573345518,89,54.32,59.38,17.74,2.53
228,codrington,90,AU,1573345518,19,-28.95,153.24,75.2,6.93
229,mont-de-marsan,100,FR,1573345519,87,43.89,-0.5,46.4,4.7
230,flinders,90,AU,1573345519,34,-34.58,150.85,73.99,9.17
231,san quintin,77,PH,1573345519,83,17.54,120.52,76.93,3.76
232,bathsheba,75,BB,1573345251,83,13.22,-59.52,80.6,21.92
233,teguldet,100,RU,1573345519,87,57.31,88.17,2.95,6.55
234,mayo,5,CA,1573345519,83,63.59,-135.9,-7.61,2.24
235,baykit,100,RU,1573345519,91,61.68,96.39,-13.04,6.91
236,klaksvik,100,FO,1573345520,61,62.23,-6.59,37.4,3.36
237,longyearbyen,40,NO,1573345520,79,78.22,15.63,24.8,12.75
238,zhangjiakou,78,CN,1573345451,69,40.77,114.88,27.99,13.67
239,east london,100,ZA,1573345520,83,-33.02,27.91,65.01,13.65
240,muros,40,ES,1573345520,93,42.77,-9.06,55.0,6.62
241,beloha,81,MG,1573345520,83,-25.17,45.06,70.32,9.33
242,sergeyevka,33,KZ,1573345520,56,53.88,67.42,19.6,4.43
243,katsina,0,NG,1573345521,23,12.99,7.6,79.75,6.87
244,itoman,75,JP,1573345521,53,26.12,127.67,73.4,5.82
245,okha,100,RU,1573345521,76,53.59,142.95,26.42,21.54
246,beira,40,ES,1573345521,62,43.2,-8.36,55.99,11.41
247,karpogory,100,RU,1573345521,93,64.0,44.44,20.05,6.76
248,baghmara,100,IN,1573345521,88,23.8,86.21,68.77,6.98
249,dinghai,81,CN,1573345522,59,26.28,119.79,62.6,4.47
250,tooele,1,US,1573345522,46,40.53,-112.3,55.99,5.82
251,carutapera,100,BR,1573345522,78,-1.2,-46.02,81.95,13.56
252,lappeenranta,90,FI,1573345522,100,61.06,28.19,37.4,3.36
253,turukhansk,100,RU,1573345522,99,65.8,87.96,-18.33,4.03
254,qinnan,100,CN,1573345522,43,33.25,119.91,56.64,12.77
255,dongsheng,90,CN,1573345522,63,29.72,112.52,61.29,5.41
256,takestan,0,IR,1573345523,69,36.07,49.69,37.4,2.24
257,la ronge,75,CA,1573345523,66,55.1,-105.3,10.4,10.29
258,paralimni,66,GR,1573345523,78,40.99,23.67,61.0,3.0
259,hobyo,0,SO,1573345523,80,5.35,48.53,78.04,10.89
260,lorengau,100,PG,1573345523,80,-2.02,147.27,82.29,18.81
261,dingle,4,PH,1573345523,76,11.0,122.67,79.95,0.4
262,saldanha,100,PT,1573345523,85,41.42,-6.55,41.76,10.2
263,celestun,27,MX,1573345523,79,20.87,-90.4,80.28,20.07
264,high level,20,CA,1573345524,77,58.52,-117.13,3.2,2.24
265,wanlaweyn,73,SO,1573345524,79,2.62,44.89,78.13,3.27
266,mashivka,19,UA,1573345524,94,49.44,34.87,48.88,9.22
267,camacha,40,PT,1573345524,72,33.08,-16.33,68.0,10.29
268,minas,20,UY,1573345524,82,-34.38,-55.24,62.6,6.93
269,dawlatabad,0,AF,1573345524,46,36.41,64.91,43.81,1.77
270,lengshuitan,69,CN,1573345524,59,26.41,111.6,60.98,0.98
271,tacuarembo,83,UY,1573345524,94,-31.73,-55.98,65.98,9.82
272,west bay,90,CA,1573345525,100,49.34,-123.21,51.01,5.82
273,bukoba,89,TZ,1573345525,67,-1.33,31.81,74.61,6.11
274,tokonou,36,GN,1573345525,81,9.65,-9.78,72.93,2.21
275,ligayan,97,PH,1573345525,72,4.65,119.47,83.41,5.73
276,balikpapan,53,ID,1573345525,81,-1.24,116.86,80.24,2.19
277,south sioux city,1,US,1573345525,70,42.47,-96.41,48.2,3.8
278,san juan del rio,20,MX,1573345526,52,20.39,-99.99,68.0,14.99
279,richards bay,83,ZA,1573345526,75,-28.77,32.06,69.8,14.88
280,varzea da palma,32,BR,1573345526,40,-17.6,-44.73,80.82,15.43
281,caraquet,75,CA,1573345526,68,47.79,-64.94,27.0,8.05
282,vangaindrano,74,MG,1573345526,90,-23.35,47.6,69.49,2.68
283,bryan,1,US,1573345526,71,30.67,-96.37,61.0,4.88
284,ahipara,100,NZ,1573345526,100,-35.17,173.16,73.0,20.22
285,vaitape,86,PF,1573345526,81,-16.52,-151.75,80.6,17.98
286,saint george,49,GR,1573345527,100,39.45,22.34,51.8,4.7
287,ajdabiya,99,LY,1573345527,39,30.75,20.22,71.65,9.01
288,brainerd,90,US,1573345527,92,46.36,-94.2,32.0,3.36
289,solnechnyy,0,RU,1573345527,59,50.72,136.64,15.89,2.51
290,virginia beach,20,US,1573345301,86,36.85,-75.98,45.0,5.5
291,gladstone,0,AU,1573345527,7,-23.84,151.26,86.0,8.05
292,lazaro cardenas,40,MX,1573345527,63,28.39,-105.62,66.2,8.05
293,sinfra,1,CI,1573345528,94,6.62,-5.91,73.0,2.46
294,mount isa,40,AU,1573345474,11,-20.73,139.49,82.4,13.87
295,shimoda,20,JP,1573345528,59,34.7,138.93,64.0,16.11
296,kahului,20,US,1573345528,43,20.89,-156.47,87.8,8.05
297,bilibino,6,RU,1573345528,59,68.06,166.44,2.55,2.93
298,kunming,90,CN,1573345275,93,25.04,102.71,55.0,15.66
299,risor,99,NO,1573345528,89,58.72,9.23,30.99,5.99
300,anadyr,75,RU,1573345528,79,64.73,177.51,24.8,8.95
301,mahebourg,20,MU,1573345528,88,-20.41,57.7,70.0,4.7
302,kavaratti,56,IN,1573345529,71,10.57,72.64,81.14,7.11
303,khatanga,100,RU,1573345529,96,71.98,102.47,-1.72,15.9
304,makasar,34,ID,1573345529,69,-6.28,106.88,82.99,4.7
305,taloda,3,IN,1573345529,67,21.56,74.21,75.69,6.51
306,nantucket,20,US,1573345529,64,41.28,-70.1,39.0,5.82
307,sakaiminato,40,JP,1573345529,71,35.55,133.23,55.4,4.7
308,montepuez,34,MZ,1573345529,84,-13.13,39.0,72.97,4.76
309,nipawin,90,CA,1573345530,72,53.36,-104.02,12.2,12.75
310,camocim,86,BR,1573345530,75,-2.9,-40.84,78.12,5.32
311,geraldton,90,CA,1573345530,92,49.72,-86.95,17.6,3.36
312,ostrovnoy,97,RU,1573345530,94,68.05,39.51,17.02,3.31
313,lewistown,1,US,1573345531,80,40.39,-90.15,48.2,5.82
314,abonnema,75,NG,1573345531,94,4.71,6.79,75.2,3.36
315,kulhudhuffushi,0,MV,1573345531,67,6.62,73.07,81.75,4.36
316,pemberton,35,AU,1573345531,85,-34.44,116.03,69.01,5.01
317,saint-philippe,90,CA,1573345531,59,45.36,-73.48,36.0,12.75
318,yelan,54,RU,1573345531,95,50.95,43.74,37.0,7.0
319,troy,20,US,1573345421,34,42.73,-73.69,35.6,12.75
320,tayoltita,45,MX,1573345531,82,24.11,-105.93,69.94,1.68
321,necochea,3,AR,1573345532,80,-38.55,-58.74,46.99,1.99
322,padang,73,ID,1573345532,90,-0.92,100.36,69.49,1.1
323,camabatela,100,AO,1573345532,92,-8.19,15.37,65.32,1.77
324,chapais,90,CA,1573345532,85,49.78,-74.86,19.4,8.05
325,bethanien,0,NA,1573345532,29,-26.5,17.16,63.54,4.54
326,lasa,0,CY,1573345532,52,34.92,32.53,66.2,8.05
327,verkhnyaya sinyachikha,0,RU,1573345533,86,57.98,61.67,16.5,4.05
328,borogontsy,0,RU,1573345533,94,62.67,131.17,-17.85,5.14
329,sibolga,100,ID,1573345533,94,1.74,98.78,73.8,0.94
330,high prairie,100,CA,1573345241,95,55.43,-116.48,8.96,5.84
331,saint-pierre,50,FR,1573345533,93,48.95,4.24,39.99,12.75
332,paoua,53,CF,1573345533,61,7.24,16.43,70.93,1.54
333,sardarshahr,0,IN,1573345533,28,28.43,74.48,68.04,3.65
334,san juan del sur,40,NI,1573345534,94,11.25,-85.87,78.8,20.8
335,hofn,100,IS,1573345534,76,64.25,-15.21,45.7,27.58
336,cliza,75,BO,1573345534,45,-17.59,-65.93,66.2,5.82
337,lyantonde,66,UG,1573345534,90,-0.41,31.15,61.41,0.76
338,suntar,99,RU,1573345534,93,62.16,117.65,17.91,6.33
339,alice springs,0,AU,1573345443,13,-23.7,133.88,73.4,14.99
340,kaeo,92,NZ,1573345534,100,-35.1,173.78,73.0,19.98
341,la libertad,18,PE,1573345534,41,-16.38,-71.56,60.8,2.24
342,siuna,59,NI,1573345535,88,13.73,-84.78,74.62,3.06
343,san antonio,40,CL,1573345373,87,-33.58,-71.61,57.2,5.82
344,salalah,40,OM,1573345535,74,17.01,54.1,78.8,2.24
345,ilhabela,95,BR,1573345289,90,-23.78,-45.36,74.55,15.08
346,carnarvon,98,ZA,1573345535,35,-30.97,22.13,63.36,5.37
347,misratah,0,LY,1573345360,63,32.38,15.09,67.24,21.7
348,arica,90,CL,1573345535,72,-18.48,-70.32,66.2,5.82
349,pangnirtung,100,CA,1573345535,68,66.15,-65.72,20.37,7.14
350,luan,17,CH,1573345536,74,46.36,6.98,37.99,4.7
351,port keats,64,AU,1573345536,50,-14.25,129.55,90.91,5.86
352,pingliang,0,CN,1573345536,54,35.54,106.68,34.66,7.05
353,onega,100,RU,1573345536,94,63.91,38.09,31.19,14.07
354,cukai,75,MY,1573345536,100,4.25,103.42,75.2,5.12
355,port victoria,27,AU,1573345536,67,-34.5,137.49,57.2,4.25
356,waipawa,52,NZ,1573345536,87,-39.94,176.59,62.01,5.01
357,olga,1,US,1573345536,18,34.11,-118.17,87.8,3.36
358,mattru,6,SL,1573345537,91,7.62,-11.83,75.7,2.1
359,lanzhou,0,CN,1573345537,100,36.06,103.82,17.6,6.71
360,itupiranga,20,BR,1573345537,78,-5.13,-49.33,82.4,3.36
361,aras,75,ES,1573345537,87,42.56,-2.36,44.6,14.99
362,borgarnes,75,IS,1573345537,93,64.54,-21.92,41.0,10.29
363,coos bay,1,US,1573345537,76,43.37,-124.22,54.0,2.77
364,arauco,99,CL,1573345538,59,-37.25,-73.32,64.4,12.75
365,te anau,97,NZ,1573345538,87,-45.41,167.72,45.9,3.65
366,berdigestyakh,98,RU,1573345538,94,62.1,126.7,2.68,5.82
367,dulce grande,75,MX,1573345538,40,23.0,-102.17,69.8,11.41
368,tengzhou,17,CN,1573345538,33,35.11,117.16,55.99,1.01
369,calbuco,100,CL,1573345538,82,-41.77,-73.13,57.2,5.82
370,makakilo city,1,US,1573345467,51,21.35,-158.09,84.99,6.93
371,vila,0,IT,1573345539,100,45.18,8.4,46.99,5.82
372,bellingham,90,US,1573345539,93,48.75,-122.48,52.0,3.36
373,zeya,90,RU,1573345539,90,53.74,127.27,4.8,6.51
374,kavieng,100,PG,1573345539,92,-2.57,150.8,77.31,8.48
375,viedma,44,AR,1573345539,57,-40.81,-62.99,54.21,8.84
376,channel-port aux basques,50,CA,1573345539,65,47.57,-59.14,35.8,27.54
377,gorontalo,95,ID,1573345539,73,0.54,123.06,80.96,2.8
378,eagle pass,20,MX,1573345539,68,28.71,-100.5,68.0,6.93
379,rioja,88,PE,1573345540,96,-6.06,-77.17,67.46,0.72
380,altay,99,CN,1573345540,95,47.83,88.13,22.93,2.42
381,nerchinskiy zavod,100,RU,1573345540,95,51.31,119.61,23.86,2.57
382,quesnel,90,CA,1573345540,88,52.98,-122.49,32.0,10.29
383,nuuk,100,GL,1573345540,49,64.17,-51.74,38.68,21.0
384,safita,40,SY,1573345540,35,34.82,36.12,71.01,4.7
385,verkhoyansk,9,RU,1573345541,95,67.55,133.39,-23.72,1.1
386,sao joao da barra,84,BR,1573345541,89,-21.64,-41.05,75.69,5.99
387,bayir,19,TR,1573345541,93,37.27,28.22,53.6,4.7
388,vestmanna,100,FO,1573345541,73,62.16,-7.17,37.4,3.36
389,lata,0,IN,1573345342,21,30.78,78.62,23.34,3.22
390,shingu,20,JP,1573345542,62,33.72,135.99,59.0,5.82
391,khudumelapye,70,BW,1573345542,63,-23.91,24.95,72.34,10.69
392,sao filipe,94,CV,1573345542,79,14.9,-24.5,74.95,15.43
393,talaya,0,RU,1573345542,84,55.79,84.89,-0.41,2.24
394,beringovskiy,100,RU,1573345542,96,63.05,179.32,28.94,13.49
395,cairns,3,AU,1573345542,31,-16.92,145.77,91.99,11.41
396,cururupu,100,BR,1573345543,93,-1.82,-44.87,73.85,2.33
397,lavrentiya,100,RU,1573345543,97,65.58,-170.99,34.7,5.99
398,smolenka,80,PL,1573345543,88,54.15,22.76,48.38,8.05
399,mardin,24,TR,1573345543,53,37.32,40.72,50.0,11.41
400,aksay,100,KZ,1573345543,72,51.17,53.01,32.72,6.78
401,glace bay,5,CA,1573345543,74,46.2,-59.96,32.0,8.05
402,tonosho,40,JP,1573345544,76,34.48,134.18,64.0,3.36
403,kita,7,JP,1573345544,54,35.76,139.74,62.01,4.7
404,talnakh,98,RU,1573345544,75,69.49,88.39,-16.61,11.18
405,tabou,12,CI,1573345544,89,4.42,-7.36,76.59,2.62
406,cockburn town,7,TC,1573345432,79,21.46,-71.14,82.15,11.86
407,iracoubo,34,GF,1573345544,84,5.48,-53.21,81.82,11.61
408,orlik,75,PL,1573345544,87,53.95,17.74,46.4,12.75
409,chulym,59,RU,1573345545,66,55.09,80.97,15.15,9.28
410,doha,75,QA,1573345250,83,25.29,51.53,80.6,4.7
411,upernavik,33,GL,1573345545,76,72.79,-56.15,13.1,7.65
412,rawson,15,AR,1573345545,80,-43.3,-65.11,50.7,20.8
413,biabou,75,VC,1573345545,78,13.2,-61.13,82.4,5.82
414,rabaul,100,PG,1573345545,82,-4.2,152.17,80.67,15.32
415,araouane,85,ML,1573345545,18,18.9,-3.53,80.91,9.35
416,moses lake,1,US,1573345546,75,47.13,-119.28,46.4,3.27
417,gohpur,100,IN,1573345546,83,26.89,93.63,67.05,1.3
418,colares,20,PT,1573345546,82,38.8,-9.45,59.0,6.93
419,vao,100,EE,1573345547,98,59.1,26.19,42.13,6.42
420,manggar,0,ID,1573345547,68,-2.88,108.27,83.57,5.5
421,pacific grove,40,US,1573345547,77,36.62,-121.92,75.2,4.7
422,saint-georges,80,CA,1573345547,78,46.12,-70.67,28.0,4.0
423,morondava,0,MG,1573345547,45,-20.3,44.28,76.84,2.26
424,san jose,32,HN,1573345406,86,14.25,-87.96,65.3,7.0
425,matara,52,BI,1573345547,87,-3.48,29.48,58.82,4.5
426,bere,2,ID,1573345548,52,-8.54,120.44,81.39,1.88
427,henties bay,0,NA,1573345548,91,-22.12,14.28,57.99,4.0
428,karratha,53,AU,1573345548,55,-20.74,116.85,82.09,8.52
429,port hardy,90,CA,1573345548,93,50.7,-127.42,50.0,1.57
430,kathu,24,ZA,1573345548,16,-27.7,23.05,68.65,8.16
431,margate,20,AU,1573345548,62,-43.03,147.26,59.0,19.46
432,husavik,100,CA,1573345548,91,50.56,-96.99,23.0,11.01
433,nunoa,84,PE,1573345549,72,-14.48,-70.64,45.9,8.05
434,rijeka,100,HR,1573345549,76,45.33,14.44,55.0,2.24
435,kaspiysk,90,RU,1573345549,93,42.88,47.64,51.8,6.71
436,masuguru,89,MZ,1573345549,78,-11.38,38.46,77.07,4.99
437,koratla,0,IN,1573345549,81,18.82,78.72,67.98,3.2
438,ifanadiana,55,MG,1573345549,98,-21.3,47.64,65.05,1.83
439,tignere,99,CM,1573345550,65,7.37,12.65,71.65,3.15
440,port-gentil,20,GA,1573345550,94,-0.72,8.78,77.0,2.24
441,udachnyy,75,RU,1573345550,83,66.42,112.4,-11.21,6.71
442,monte aprazivel,96,BR,1573345550,61,-20.77,-49.71,82.4,4.7
443,rocha,28,UY,1573345466,93,-34.48,-54.34,56.66,7.72
444,saint anthony,1,US,1573345550,37,43.97,-111.68,51.8,5.57
445,mehamn,28,NO,1573345550,89,71.03,27.85,17.49,7.65
446,kifri,0,IQ,1573345550,19,34.69,44.96,67.64,13.13
447,shelburne,90,CA,1573345550,69,44.08,-80.2,37.4,8.05
448,porto walter,45,BR,1573345551,58,-8.27,-72.74,80.96,1.28
449,yar-sale,0,RU,1573345551,98,66.83,70.83,-8.31,5.88
450,alta floresta,94,BR,1573345441,98,-9.87,-56.08,71.29,5.1
451,mahibadhoo,61,MV,1573345551,75,3.78,72.97,82.22,8.5
452,coruripe,3,BR,1573345551,78,-10.12,-36.18,77.97,13.58
453,rincon de la victoria,75,BO,1573345551,53,-21.52,-64.81,75.2,5.82
454,ljungby,100,SE,1573345551,100,56.83,13.94,41.0,9.17
455,mount gambier,40,AU,1573345551,87,-37.83,140.78,51.8,10.29
456,west lake stevens,90,US,1573345552,93,48.0,-122.1,52.0,3.36
457,fayaoue,62,NC,1573345552,73,-20.65,166.53,75.65,5.91
458,kankon,20,IN,1573345552,94,15.02,74.02,75.2,4.7
459,iralaya,50,HN,1573345552,76,15.0,-83.23,82.78,12.75
460,westport,20,US,1573345552,55,41.14,-73.36,44.01,12.75
461,nara,20,JP,1573345552,71,34.68,135.8,63.0,2.24
462,abashiri,40,JP,1573345553,59,44.01,144.25,33.8,3.36
463,koutiala,62,ML,1573345553,45,12.39,-5.46,84.54,5.75
464,udarnyy,0,RU,1573345553,85,54.34,42.86,32.02,7.85
465,kudahuvadhoo,42,MV,1573345553,79,2.67,72.89,81.95,13.69
466,tabuk,100,PH,1573345553,93,17.41,121.44,72.45,10.09
467,sobolevo,100,RU,1573345553,97,54.43,31.9,49.3,10.09
468,rio branco,40,BR,1573345554,78,-9.98,-67.82,82.4,4.7
469,krasnovishersk,64,RU,1573345554,92,60.4,57.08,9.01,3.47
470,iranduba,75,BR,1573345554,94,-3.28,-60.19,77.0,1.12
471,albanel,90,CA,1573345554,79,48.88,-72.44,26.6,18.34
472,srandakan,24,ID,1573345554,72,-7.94,110.25,79.99,4.47
473,santa ana,100,MX,1573345433,47,30.54,-111.12,79.0,1.99
474,paamiut,100,GL,1573345554,65,61.99,-49.67,38.37,20.51
475,china,92,MX,1573345555,79,25.71,-99.24,61.81,0.81
476,havre-saint-pierre,90,CA,1573345555,73,50.23,-63.6,23.0,12.75
477,vardo,1,US,1573345555,51,39.62,-77.74,37.99,4.7
478,kobryn,95,BY,1573345555,90,52.21,24.36,53.06,5.64
479,ratnagiri,0,IN,1573345555,83,16.98,73.3,66.65,1.83
480,malanje,100,AO,1573345555,96,-9.54,16.35,65.71,2.08
481,karia,78,NG,1573345555,25,11.73,11.16,79.18,7.18
482,mitsamiouli,100,KM,1573345556,81,-11.38,43.28,79.25,6.13
483,rio gallegos,0,AR,1573345556,52,-51.62,-69.22,42.8,23.04
484,chara,49,GR,1573345556,100,39.42,22.43,51.8,4.7
485,puerto narino,75,CO,1573345556,94,-3.77,-70.38,80.6,3.36
486,palana,4,RU,1573345556,72,59.08,159.95,26.62,5.64
487,surgut,40,RU,1573345556,92,61.25,73.4,5.0,6.71
488,kotdwara,0,IN,1573345276,61,29.75,78.53,62.58,8.01
489,baruun-urt,63,MN,1573345557,62,46.68,113.28,32.31,11.05
490,leerdam,28,NL,1573345557,100,51.9,5.09,41.0,3.36
491,gore,100,ET,1573345557,98,8.15,35.53,55.72,2.57
492,portel,48,BR,1573345557,90,-1.94,-50.82,76.42,3.42
493,noyabrsk,100,RU,1573345557,96,63.2,75.45,4.1,6.76
494,khandbari,30,NP,1573345557,67,27.38,87.21,44.13,6.2
495,puerto carreno,40,CO,1573345344,78,6.19,-67.49,82.4,6.93
496,springdale,1,US,1573345405,66,36.19,-94.13,55.99,6.93
497,dolores,13,UY,1573345558,75,-33.53,-58.22,71.01,14.0
498,ongandjera,100,NA,1573345558,68,-17.88,15.07,71.2,2.59
499,kasongo,60,CD,1573345558,95,-4.43,26.67,70.41,3.42
500,forbes,0,AU,1573345558,44,-33.38,148.01,63.7,10.96
501,ha tinh,0,VN,1573345558,75,18.33,105.9,71.69,12.62
502,dnipryany,2,UA,1573345558,99,46.75,33.27,50.0,7.72
503,ajaccio,31,FR,1573345559,93,41.93,8.74,48.2,6.93
504,nkawkaw,100,GH,1573345559,96,6.55,-0.77,73.02,1.36
505,mathbaria,100,BD,1573345559,90,22.29,89.96,75.6,21.9
506,egvekinot,0,RU,1573345559,84,66.32,-179.17,15.6,3.69
507,lundazi,53,ZM,1573345559,61,-12.29,33.17,71.78,12.26
508,omidiyeh,0,IR,1573345559,68,30.76,49.7,64.4,5.12
509,bako,59,BF,1573345559,25,12.29,-0.73,83.71,5.77
510,ilam,0,IR,1573345559,34,33.64,46.42,53.6,6.93
511,damaturu,98,NG,1573345559,21,11.75,11.96,81.18,6.06
512,poum,78,MK,1573345356,95,41.28,20.71,46.9,2.35
513,santa maria,17,BR,1573345560,50,-16.02,-48.01,78.8,3.36
514,brae,0,GB,1573345560,74,60.4,-1.35,42.8,11.41
515,seoul,40,KR,1573345126,86,37.57,126.98,50.0,2.24
516,preobrazheniye,13,RU,1573345560,43,42.9,133.91,36.21,4.41
517,mananjary,95,MG,1573345560,66,-19.16,46.8,64.69,1.61
518,riyadh,59,SA,1573345445,46,24.63,46.72,69.8,2.24
519,aljezur,60,PT,1573345561,78,37.31,-8.8,57.0,21.56
520,acapulco,5,MX,1573345561,83,16.86,-99.88,84.2,6.93
521,nouadhibou,83,MR,1573345561,64,20.93,-17.03,68.0,20.8
522,hualmay,97,PE,1573345562,79,-11.1,-77.61,63.86,3.98
523,usinsk,69,RU,1573345562,98,66.0,57.56,-0.01,7.58
524,tibati,100,CM,1573345562,72,6.47,12.63,71.31,1.43
525,svetlogorsk,0,RU,1573345562,92,53.14,59.15,6.8,2.24
526,tocopilla,32,CL,1573345562,37,-22.09,-70.2,54.52,2.75
527,rossland,100,CA,1573345312,72,49.08,-117.8,45.0,1.99
528,ranau,75,MY,1573345402,70,5.95,116.67,84.2,5.82
529,grand gaube,20,MU,1573345563,88,-20.01,57.66,70.0,4.7
530,sibu,75,MY,1573345563,94,2.29,111.83,75.2,3.36
531,holme,96,DK,1573345563,93,56.11,10.17,42.01,2.24
532,abha,0,SA,1573345563,87,18.22,42.5,55.4,0.27
533,patnos,0,TR,1573345563,53,39.23,42.86,31.77,1.05
534,tukums,90,LV,1573345564,100,56.97,23.17,48.2,8.05
535,mahajanga,40,MG,1573345564,88,-15.72,46.32,80.6,9.17
536,conchagua,75,SV,1573345564,62,13.31,-87.86,87.8,2.24
537,marawi,0,PH,1573345564,79,8.0,124.29,82.0,4.0
538,guerrero negro,100,MX,1573345564,51,27.97,-114.04,74.71,12.1
539,woodstock,75,CA,1573345564,74,43.13,-80.75,37.99,11.41
540,winfield,1,US,1573345565,51,37.24,-97.0,62.01,3.36
541,ayer tawar,75,MY,1573345565,94,4.3,100.75,77.0,3.65
542,kartaly,0,RU,1573345565,85,53.05,60.64,8.92,3.87
543,leh,0,IN,1573345565,30,34.16,77.58,14.58,1.86
544,aripuana,89,BR,1573345413,97,-9.17,-60.63,74.66,3.53
545,port blair,80,IN,1573345565,75,11.67,92.75,81.32,1.14
546,boda,62,CF,1573345565,79,4.32,17.47,72.93,1.43
547,adrar,0,DZ,1573345566,34,27.87,-0.29,53.6,11.41
548,lompoc,1,US,1573345566,77,34.64,-120.46,73.0,12.75
549,mahon,20,IE,1573345566,81,51.89,-8.4,42.8,12.75
550,balabac,25,PH,1573345357,78,7.99,117.06,81.43,13.47
551,pangkalanbuun,60,ID,1573345566,75,-2.68,111.62,81.0,1.19
552,thunder bay,90,CA,1573345406,92,48.41,-89.26,30.0,3.36
553,seymchan,100,RU,1573345566,95,62.93,152.39,-1.99,13.85
554,nuevo progreso,75,US,1573345566,68,26.05,-97.95,69.01,5.06
555,strezhevoy,100,RU,1573345567,84,60.73,77.6,1.4,4.47
556,barpeta,90,IN,1573345567,88,26.33,91.01,75.2,6.93
557,samana,85,EC,1573345567,66,0.12,-76.97,84.2,8.05
558,nikki,0,BJ,1573345567,54,9.94,3.21,76.48,4.03
559,sorland,11,NO,1573345567,63,67.67,12.69,32.77,15.95
560,jackson,1,US,1573345347,42,43.48,-110.76,50.0,2.8
561,kovdor,100,RU,1573345568,95,67.56,30.47,8.08,4.99
562,langsa,100,ID,1573345568,92,4.47,97.97,75.63,2.04
563,raudeberg,0,NO,1573345568,63,61.99,5.14,34.0,10.29
564,maiduguri,72,NG,1573345568,23,11.84,13.15,82.71,9.8
565,ushtobe,100,KZ,1573345568,52,45.25,77.98,43.21,4.12
566,pitsunda,20,GE,1573345568,62,43.16,40.34,60.01,8.03
567,humboldt,81,CA,1573345568,84,52.21,-105.12,9.39,9.82
568,chicama,75,PE,1573345569,82,-7.84,-79.15,64.4,10.29
569,moose factory,1,CA,1573345569,85,51.26,-80.61,12.2,4.7
570,grindavik,75,IS,1573345569,86,63.84,-22.43,41.0,6.93
571,yarada,75,IN,1573345569,88,17.65,83.27,73.4,2.24
572,zvenigovo,90,RU,1573345569,100,55.97,48.02,26.6,11.18
573,mae hong son,20,MM,1573345569,88,19.3,97.96,71.6,2.13
574,marsh harbour,86,BS,1573345569,74,26.54,-77.06,73.67,16.6
575,hemnesberget,0,NO,1573345570,75,66.23,13.61,4.35,5.23
576,carepa,90,CO,1573345570,88,7.76,-76.65,77.0,4.7
577,awbari,100,LY,1573345570,30,26.59,12.77,70.75,11.16
578,gramsh,93,AL,1573345570,98,40.87,20.19,54.09,5.32
579,shilka,100,RU,1573345570,90,51.85,116.03,28.74,5.68
580,komsomolskiy,39,RU,1573345570,100,67.55,63.78,-5.18,2.93
581,sambava,87,MG,1573345570,96,-14.27,50.17,71.29,1.43
582,faya,0,SA,1573345571,87,18.39,42.45,55.4,2.28
583,petropavlovka,98,RU,1573345571,60,50.61,105.32,26.64,7.47
584,majene,78,ID,1573345571,66,-3.54,118.97,82.81,2.26
585,luganville,40,VU,1573345571,70,-15.51,167.18,84.2,6.93
586,mogadishu,38,SO,1573345571,75,2.04,45.34,81.39,7.74
587,nurlat,100,RU,1573345571,81,54.43,50.8,28.04,5.12
588,siilinjarvi,90,FI,1573345571,100,63.08,27.67,33.8,5.82
589,mogzon,96,RU,1573345572,86,51.74,111.97,27.43,14.45
590,micheweni,43,TZ,1573345572,79,-4.97,39.83,81.77,11.14
591,srednekolymsk,100,RU,1573345572,95,67.46,153.71,2.57,10.56
592,sola,36,TZ,1573345572,72,-3.17,33.8,69.13,5.14
593,mandan,90,US,1573345572,100,46.83,-100.89,37.4,11.41
594,bilma,0,NE,1573345367,14,18.69,12.92,73.9,6.06
595,maloy,100,ID,1573345572,93,1.0,118.1,75.33,1.54
596,am timan,67,TD,1573345572,31,11.04,20.28,75.15,4.07
597,williams lake,90,CA,1573345573,93,52.13,-122.14,41.0,6.93
598,mazsalaca,100,LV,1573345573,97,57.87,25.05,46.99,1.99
599,jalu,76,LY,1573345573,25,29.03,21.55,73.44,10.71
600,tromso,75,NO,1573345573,92,69.65,18.96,14.0,6.93
601,diamantina,78,BR,1573345573,61,-18.24,-43.6,70.97,1.52
602,burewala,0,PK,1573345573,36,30.16,72.68,59.11,2.89
603,roma,88,IT,1573345334,93,41.89,12.48,51.01,3.36
604,kaa-khem,100,RU,1573345574,46,51.7,94.56,23.83,4.81
605,mallaig,99,CA,1573345574,92,54.21,-111.37,11.28,7.58
606,tomohon,20,ID,1573345574,83,1.33,124.84,78.8,2.24
607,lobito,76,AO,1573345575,86,-12.35,13.55,78.15,3.44
608,cayenne,20,GF,1573345575,88,4.94,-52.33,80.6,5.82
609,palizada,75,MX,1573345575,74,18.25,-92.09,82.4,11.41
610,manoel urbano,100,BR,1573345575,63,-8.84,-69.26,80.92,2.57
611,karaton,20,ID,1573345575,74,-6.34,106.1,82.99,8.05
612,terney,0,RU,1573345575,39,45.05,136.61,29.43,6.06
613,pouebo,63,NC,1573345575,35,-20.4,164.57,83.26,4.9
614,strelka,100,RU,1573345576,95,58.08,93.03,-3.09,7.27
615,chakia,62,IN,1573345576,76,26.42,85.05,71.26,1.7
616,mildura,5,AU,1573345576,42,-34.18,142.16,64.4,6.93
617,tilichiki,100,RU,1573345576,98,60.47,166.1,32.34,19.04
618,galesong,20,ID,1573345576,78,-5.32,119.37,82.4,2.24
619,tarime,60,TZ,1573345576,83,-1.35,34.38,64.06,2.57
620,montalvo,100,ES,1573345577,87,40.62,-5.41,51.01,16.11
621,cagliari,5,IT,1573345577,92,46.38,10.88,37.99,4.72
622,shangqiu,0,CN,1573345577,41,34.42,115.65,58.03,16.6
623,young,50,UY,1573345577,71,-32.7,-57.63,73.0,4.0
624,sao felix do xingu,97,BR,1573345577,95,-6.64,-51.99,72.46,1.54
625,manta,45,RO,1573345577,78,45.1,24.1,52.77,7.16
626,seydi,0,NE,1573345577,18,13.34,7.75,80.94,5.17
627,edd,0,ER,1573345578,41,13.93,41.69,82.81,2.01
628,el alto,75,BO,1573345578,61,-16.5,-68.19,48.2,10.29
629,benjamin aceval,90,PY,1573345578,94,-24.97,-57.57,71.6,20.8
630,kidal,48,ML,1573345578,26,18.44,1.41,77.0,17.07
631,hudson bay,96,CA,1573345578,81,52.86,-102.4,10.71,9.1
632,ambulu,2,ID,1573345578,81,-8.35,113.61,78.42,4.79
633,college,1,US,1573345576,84,64.86,-147.8,24.8,4.59
634,selfoss,75,IS,1573345578,97,63.94,-21.0,41.0,10.29
635,namibe,0,AO,1573345579,76,-15.19,12.15,76.69,7.54
636,picos,96,BR,1573345579,35,-7.08,-41.47,86.58,1.72
637,naze,75,NG,1573345409,94,5.43,7.07,75.2,3.36
638,luanda,75,AO,1573345579,83,-8.83,13.24,80.6,5.82
639,tuy hoa,100,VN,1573345579,85,13.08,109.3,73.56,26.57
640,shirokiy,68,RU,1573345579,100,53.87,39.17,37.99,4.0
641,mega,76,ET,1573345579,91,4.06,38.32,65.14,9.95
642,valle de allende,99,MX,1573345580,72,26.94,-105.39,64.74,7.25
643,ust-nera,92,RU,1573345580,96,64.57,143.24,-4.94,6.33
644,san felipe,0,CL,1573345544,31,-32.75,-70.73,60.39,3.31
645,herisau,0,CH,1573345580,74,47.39,9.28,37.0,4.7
646,bandarbeyla,0,SO,1573345580,73,9.49,50.81,79.02,14.85
647,wilmington,1,US,1573345551,40,39.75,-75.55,37.0,4.7
648,qaqortoq,100,GL,1573345580,23,60.72,-46.03,48.2,41.38
649,los llanos de aridane,75,ES,1573345580,73,28.66,-17.92,69.8,14.99
650,vung tau,100,VN,1573345581,77,10.35,107.08,73.63,13.58
651,xining,0,CN,1573345581,28,36.62,101.77,27.77,4.54
652,tabat,99,ID,1573345581,79,-2.64,115.23,80.56,0.43
653,thinadhoo,81,MV,1573345581,77,0.53,72.93,81.55,8.34
654,tucuman,34,PE,1573345581,55,-17.17,-70.89,57.02,2.75
655,coihaique,90,CL,1573345581,58,-45.58,-72.07,59.0,3.36
656,sao jose da coroa grande,96,BR,1573345581,79,-8.9,-35.15,79.23,14.41
657,talara,15,PE,1573345581,89,-4.58,-81.27,66.4,14.2
658,tigzirt,64,DZ,1573345582,83,36.57,4.2,44.22,5.3
659,rockhampton,18,AU,1573345302,7,-23.38,150.51,84.2,8.05
660,kamenka,47,MD,1573345582,91,48.03,28.7,55.99,5.99
661,livingston,1,US,1573345582,87,32.58,-88.19,51.8,1.43
662,aswan,0,EG,1573345582,35,24.09,32.9,73.4,3.36
663,chulman,100,RU,1573345582,95,56.84,124.9,5.11,1.99
664,manokwari,91,ID,1573345583,68,-0.87,134.08,80.02,3.67
665,tshikapa,100,CD,1573345583,96,-6.42,20.79,70.57,1.03
666,evensk,100,RU,1573345583,84,61.92,159.24,23.99,32.79
667,okhotsk,23,RU,1573345583,72,59.36,143.24,8.04,18.72
668,kaohsiung,75,TW,1573345583,64,22.62,120.31,75.0,5.82
669,itarema,56,BR,1573345583,76,-2.92,-39.92,78.84,12.26
670,brasilia de minas,5,BR,1573345583,28,-16.21,-44.43,79.41,9.17
671,princeton,1,US,1573345492,59,40.35,-74.66,41.0,9.13
672,camacari,20,BR,1573345535,78,-12.7,-38.32,80.6,14.99
673,kobayashi,1,JP,1573345584,76,32.03,131.02,57.2,3.36
674,atlantis,17,ZA,1573345584,72,-33.57,18.5,64.99,5.82
675,rincon,40,PA,1573345584,94,8.46,-82.28,80.6,2.24
676,perevolotskiy,99,RU,1573345585,79,51.88,54.19,29.68,7.45
677,kheralu,24,IN,1573345585,64,23.89,72.62,73.56,6.11
678,anta,75,PE,1573345585,54,-13.47,-72.15,59.0,8.05
679,westminster,20,US,1573345334,17,33.76,-117.99,87.8,3.36
680,nelson bay,0,AU,1573345585,27,-32.72,152.14,75.0,13.87
681,noumea,75,NC,1573345585,57,-22.28,166.46,80.6,12.75
682,churapcha,0,RU,1573345585,94,62.0,132.43,-19.32,4.76
683,wajima,20,JP,1573345586,61,37.4,136.9,50.0,4.7
684,vestmannaeyjar,87,IS,1573345586,82,63.44,-20.27,44.42,16.6
685,san cristobal,42,HN,1573345193,92,14.68,-86.92,67.24,6.35
686,alofi,6,NU,1573345487,78,-19.06,-169.92,78.8,12.75
687,bethel,40,US,1573345487,92,60.79,-161.76,30.2,13.87
688,lagos,20,NG,1573345393,88,6.46,3.39,80.6,4.7
689,hobart,20,AU,1573345487,62,-42.88,147.33,59.0,19.46
690,bluff,11,AU,1573345488,12,-23.58,149.07,78.51,6.76
691,saint-augustin,90,CA,1573345488,64,45.63,-73.98,36.0,9.17
692,busselton,51,AU,1573345488,85,-33.64,115.35,69.01,5.01
693,arraial do cabo,100,BR,1573345321,92,-22.97,-42.02,74.35,12.64
694,albany,20,US,1573345488,34,42.65,-73.75,35.6,12.75
695,hilo,1,US,1573345488,58,19.71,-155.08,87.8,11.41
696,jining,0,CN,1573345488,33,35.41,116.58,55.99,1.01
697,leningradskiy,11,RU,1573345489,61,69.38,178.42,19.27,6.89
698,souillac,56,FR,1573345489,93,45.6,-0.6,43.0,5.82
699,barrow,0,AR,1573345489,63,-38.31,-60.23,50.29,10.0
700,iisalmi,90,FI,1573345489,100,63.56,27.19,33.8,5.82
701,nikolskoye,90,RU,1573345489,93,59.7,30.79,39.2,4.47
702,avarua,36,CK,1573345489,74,-21.21,-159.78,78.8,10.29
703,jawad,0,IN,1573345489,62,24.6,74.86,67.77,5.19
704,opuwo,100,NA,1573345489,63,-18.06,13.84,69.84,1.99
705,sukumo,0,JP,1573345490,57,32.94,132.72,59.77,1.61
706,port elizabeth,1,US,1573345490,63,39.31,-74.98,39.0,3.31
707,new norfolk,20,AU,1573345490,63,-42.78,147.06,59.0,19.46
708,madimba,75,CM,1573345490,88,4.42,9.93,78.8,3.36
709,luderitz,0,NA,1573345490,87,-26.65,15.16,60.8,4.7
710,ous,0,RU,1573345490,81,60.91,61.52,8.71,3.18
711,kaitangata,100,NZ,1573345490,87,-46.28,169.85,51.01,8.01
712,nanortalik,100,GL,1573345490,75,60.14,-45.24,36.81,51.65
713,port alfred,99,ZA,1573345491,87,-33.59,26.89,64.99,8.99
714,rikitea,100,PF,1573345491,80,-23.12,-134.97,72.54,10.49
715,lujiang,17,CN,1573345491,51,31.26,117.28,60.8,13.42
716,castro,100,CL,1573345491,93,-42.48,-73.76,51.8,5.82
717,aklavik,20,CA,1573345618,65,68.22,-135.01,6.8,9.17
718,kalmunai,99,LK,1573345403,83,7.42,81.82,79.36,7.2
719,chuy,100,UY,1573345491,84,-33.69,-53.46,64.44,11.3
720,ushuaia,40,AR,1573345618,52,-54.81,-68.31,44.6,6.93
721,ribeira grande,0,PT,1573345618,80,38.52,-28.7,61.84,7.58
722,bredasdorp,100,ZA,1573345492,82,-34.53,20.04,64.99,12.75
723,gamba,33,CN,1573345618,62,28.28,88.52,23.4,1.05
724,ancud,92,CL,1573345618,93,-41.87,-73.83,51.8,5.82
725,kruisfontein,94,ZA,1573345492,82,-34.0,24.73,60.71,13.35
726,walvis bay,0,NA,1573345492,87,-22.95,14.51,57.99,3.36
727,thompson,40,CA,1573345619,84,55.74,-97.86,-0.41,2.24
728,shatalovo,100,RU,1573345493,93,53.28,37.58,43.63,10.22
729,tura,100,RU,1573345493,98,64.27,100.22,-10.43,3.62
730,mar del plata,23,AR,1573345369,66,-46.43,-67.52,47.95,15.82
731,guayaramerin,95,BO,1573345493,91,-10.82,-65.36,76.14,1.16
732,huarmey,83,PE,1573345493,79,-10.07,-78.15,63.61,2.37
733,kapaa,40,US,1573345493,69,22.08,-159.32,80.6,8.05
734,atuona,1,PF,1573345493,74,-9.8,-139.03,80.31,11.5
735,belmonte,100,PT,1573345493,91,40.36,-7.35,50.0,4.0
736,vaini,75,IN,1573345494,100,15.34,74.49,64.4,2.8
737,tiksi,98,RU,1573345494,98,71.64,128.87,-13.6,5.03
738,abakaliki,75,NG,1573345494,83,6.32,8.11,82.4,4.7
739,bosaso,0,SO,1573345494,70,11.28,49.18,81.19,14.18
740,vila franca do campo,20,PT,1573345494,87,37.72,-25.43,60.8,5.82
741,andros town,75,BS,1573345494,69,24.73,-77.79,75.99,18.34
742,cape town,0,ZA,1573345494,72,-33.93,18.42,64.99,5.82
743,willmar,100,US,1573345495,100,45.12,-95.04,39.2,5.82
744,lao cai,26,VN,1573345495,83,22.48,103.95,62.4,0.56
745,faanui,86,PF,1573345495,81,-16.48,-151.75,80.6,17.98
746,berlevag,100,NO,1573345495,78,70.86,29.09,17.6,6.93
747,humberto de campos,13,BR,1573345495,86,-2.6,-43.46,77.31,5.95
748,georgetown,40,GY,1573345496,83,6.8,-58.16,82.4,9.17
749,tarija,75,BO,1573345496,53,-21.53,-64.73,75.2,5.82
750,sinnamary,34,GF,1573345496,84,5.38,-52.96,81.82,11.61
751,katete,73,UG,1573345496,93,-0.78,29.75,57.61,2.73
752,bubaque,0,GW,1573345496,69,11.28,-15.83,84.02,13.13
753,qaanaaq,0,GL,1573345496,42,77.48,-69.36,-5.27,5.1
754,mataura,100,NZ,1573345496,93,-46.19,168.86,50.0,3.0
755,jamestown,0,AU,1573345496,30,-33.21,138.6,65.61,4.09
756,haines junction,0,CA,1573345497,94,60.75,-137.51,1.15,6.58
757,babol,0,IR,1573345497,81,36.55,52.68,50.0,6.93
758,grafton,0,AU,1573345497,19,-29.69,152.93,77.0,4.7
759,santa ines,75,EC,1573345497,87,-0.82,-78.63,51.8,6.93
760,burnie,100,AU,1573345497,61,-41.05,145.91,63.0,5.01
761,airai,36,TL,1573345497,31,-8.93,125.41,81.25,7.52
762,urengoy,1,RU,1573345497,96,65.96,78.37,-12.57,8.52
763,saint-leu,78,RE,1573345498,53,-21.15,55.28,71.6,8.05
764,dikson,100,RU,1573345498,94,73.51,80.55,9.16,14.27
765,butaritari,49,KI,1573345498,65,3.07,172.79,83.82,1.3
766,puerto colombia,75,CO,1573345498,83,10.99,-74.96,82.4,8.05
767,sabha,100,LY,1573345498,33,27.03,14.43,75.52,7.87
768,zhezkazgan,94,KZ,1573345498,79,47.8,67.71,42.08,18.19
769,carthage,1,US,1573345498,87,32.16,-94.34,55.0,1.77
770,massakory,56,TD,1573345499,13,13.0,15.73,84.72,8.84
771,bayanday,100,RU,1573345499,76,53.07,105.52,15.8,10.07
772,punta arenas,0,CL,1573345499,65,-53.16,-70.91,46.4,6.93
773,dobryanka,90,RU,1573345499,85,58.45,56.42,23.0,1.68
774,hermanus,82,ZA,1573345499,82,-34.42,19.24,64.99,8.99
775,watsa,97,CD,1573345499,97,3.04,29.53,64.92,1.92
776,grand-santi,87,GF,1573345499,96,4.27,-54.38,73.89,2.93
777,sao raimundo das mangabeiras,84,BR,1573345500,62,-7.02,-45.48,80.01,3.44
778,kralendijk,100,BQ,1573345434,81,12.15,-68.27,82.67,18.7
779,uvalde,1,US,1573345500,72,29.21,-99.79,64.0,3.36
780,chilca,75,PE,1573345500,54,-13.22,-72.34,59.0,8.05
781,katsuura,40,JP,1573345500,54,33.93,134.5,64.0,13.87
782,zaplavnoye,75,RU,1573345500,80,48.7,45.02,41.0,15.66
783,auki,0,NG,1573345429,26,12.18,6.51,78.33,5.91
784,oksfjord,0,NO,1573345501,84,70.24,22.35,19.4,5.82
785,santa rosa,0,AR,1573345255,43,-36.62,-64.29,67.69,9.22
786,puerto ayora,75,EC,1573345218,64,-0.74,-90.35,75.2,14.99
787,ponta do sol,90,BR,1573345501,89,-20.63,-46.0,69.53,5.32
788,pevek,0,RU,1573345501,75,69.7,170.27,5.81,3.65
789,martapura,84,ID,1573345501,94,-3.41,114.85,75.2,4.7
790,porto novo,20,BR,1573345502,83,-23.68,-45.44,71.6,9.17
791,namatanai,100,PG,1573345215,75,-3.66,152.44,80.76,2.44
792,bambous virieux,20,MU,1573345502,88,-20.34,57.76,70.0,4.7
793,fethiye,0,TR,1573345502,87,36.62,29.12,55.4,6.93
794,cherskiy,0,RU,1573345502,88,68.75,161.3,-0.78,1.12
795,hasaki,20,JP,1573345502,71,35.73,140.83,57.0,6.93
796,chapleau,90,CA,1573345502,100,47.85,-83.4,28.4,4.7
797,batagay-alyta,74,RU,1573345503,84,67.8,130.41,-17.92,4.12
798,kondinskoye,52,RU,1573345503,90,59.65,67.41,7.65,5.21
799,tazovskiy,18,RU,1573345503,97,67.47,78.7,-9.15,9.15
800,inta,80,RU,1573345503,95,66.04,60.13,0.7,5.99
801,whitehorse,40,CA,1573345503,66,60.72,-135.06,12.2,2.24
802,miandrivazo,22,MG,1573345503,57,-19.53,45.46,79.39,4.63
803,port lincoln,0,AU,1573345503,54,-34.72,135.86,61.43,6.42
804,nha trang,90,VN,1573345503,100,12.24,109.19,73.4,2.24
805,eureka,1,US,1573345482,76,40.8,-124.16,59.0,9.17
806,saryg-sep,99,RU,1573345504,68,51.49,95.55,22.53,2.3
807,meulaboh,78,ID,1573345504,77,4.14,96.13,81.0,6.24
808,ghanzi,100,BW,1573345504,48,-21.7,21.65,74.88,5.41
809,jiayuguan,0,CN,1573345504,48,39.77,98.29,28.33,3.13
810,byron bay,90,AU,1573345236,19,-28.65,153.62,78.01,6.93
811,clyde river,90,CA,1573345504,85,70.47,-68.59,17.6,26.4
812,harper,40,US,1573345505,59,30.3,-99.24,64.4,4.7
813,kayan,20,MM,1573345505,88,16.91,96.56,77.0,2.24
814,mossendjo,99,CG,1573345505,98,-2.95,12.72,71.98,0.81
815,fortuna,40,US,1573345505,93,40.6,-124.16,59.0,6.93
816,wyndham,40,GB,1573345505,93,51.61,-3.54,44.01,8.05
817,saskylakh,100,RU,1573345505,97,71.97,114.09,0.43,5.48
818,oga,90,IT,1573345505,84,46.46,10.35,26.6,1.12
819,hithadhoo,57,MV,1573345505,78,-0.6,73.08,80.96,8.5
820,kununurra,87,AU,1573345506,52,-15.77,128.74,91.4,3.36
821,goundam,82,ML,1573345506,14,16.42,-3.66,83.43,14.12
822,vallenar,0,CL,1573345506,89,-28.58,-70.76,54.36,3.31
823,broken hill,0,AU,1573345506,54,-31.97,141.45,57.2,11.41
824,atar,85,MR,1573345506,21,20.52,-13.05,74.34,9.48
825,santa cruz,100,BR,1573345506,78,-6.22,-36.02,72.66,8.21
826,moindou,75,NC,1573345506,57,-21.69,165.68,80.6,12.75
827,zhigansk,100,RU,1573345506,92,66.77,123.37,5.67,16.06
828,severo-kurilsk,85,RU,1573345507,89,50.68,156.12,31.14,27.58
829,casablanca,39,MA,1573345507,81,33.6,-7.62,60.01,4.7
830,pisco,26,PE,1573345457,77,-13.71,-76.2,66.2,14.99
831,narsaq,100,GL,1573345507,23,60.91,-46.05,48.2,41.38
832,abu dhabi,6,AE,1573345369,69,24.47,54.37,78.8,6.93
833,inhambane,93,MZ,1573345507,80,-23.87,35.38,74.08,11.72
834,sangar,100,RU,1573345507,78,63.92,127.47,-4.11,10.07
835,saint-louis,49,SN,1573345508,78,16.03,-16.5,73.4,4.7
836,porbandar,39,IN,1573345399,63,21.64,69.61,80.26,18.9
837,provideniya,100,RU,1573345508,99,64.42,-173.23,34.61,2.44
838,huangnihe,96,CN,1573345508,58,43.56,128.02,36.07,3.98
839,constitucion,90,MX,1573345346,31,23.99,-104.67,75.2,4.99
840,chirongui,40,YT,1573345508,83,-12.93,45.15,80.6,6.93
841,coahuayana,0,MX,1573345508,68,18.62,-100.35,78.04,0.45
842,axim,15,GH,1573345509,87,4.87,-2.24,77.2,2.95
843,mazyr,43,BY,1573345509,93,52.05,29.27,51.49,8.86
844,moron,4,HT,1573345509,77,18.56,-74.26,80.76,1.28
845,san patricio,98,PY,1573345509,83,-26.98,-56.83,77.67,6.78
846,iquique,90,CL,1573345509,72,-20.22,-70.14,64.4,4.7
847,szajol,70,HU,1573345509,100,47.18,20.3,51.01,5.68
848,victoria,75,BN,1573345510,83,5.28,115.24,78.8,3.36
849,tuktoyaktuk,20,CA,1573345510,71,69.44,-133.03,5.0,18.34
850,yumen,0,CN,1573345510,38,40.29,97.04,30.15,10.65
851,arlit,17,NE,1573345510,12,18.74,7.39,82.69,6.62
852,touros,40,BR,1573345510,78,-5.2,-35.46,77.0,5.82
853,kloulklubed,90,PW,1573345510,94,7.04,134.26,77.0,4.7
854,lagoa,40,PT,1573345510,82,37.14,-8.45,59.0,5.82
855,yeppoon,2,AU,1573345510,7,-23.13,150.74,84.2,8.05
856,labuhan,100,ID,1573345511,81,-2.54,115.51,79.47,0.98
857,chokurdakh,100,RU,1573345511,96,70.62,147.9,-4.46,6.2
858,diamantino,16,BR,1573345511,73,-14.4,-56.44,76.89,0.49
859,vanimo,100,PG,1573345511,75,-2.67,141.3,81.73,6.35
860,paciran,13,ID,1573345511,68,-6.9,112.33,83.52,3.76
861,poletayevo,0,RU,1573345512,92,55.04,61.11,12.2,4.47
862,tyrma,14,RU,1573345512,75,50.04,132.17,12.97,1.83
863,ilulissat,100,GL,1573345512,29,69.22,-51.1,35.6,26.4
864,biak,100,ID,1573345512,73,-0.91,122.88,80.89,8.1
865,bang krathum,100,TH,1573345512,94,16.58,100.3,77.0,1.12
866,oktyabrskiy,90,RU,1573345512,93,55.61,37.97,39.2,8.95
867,torbay,20,CA,1573345512,63,47.66,-52.73,35.01,19.46
868,oskarshamn,100,SE,1573345512,100,57.26,16.44,42.01,10.29
869,naryan-mar,0,RU,1573345513,96,67.67,53.09,1.44,7.61
870,kodiak,1,US,1573345513,50,39.95,-94.76,57.0,6.93
871,tezu,100,IN,1573345454,71,27.93,96.16,65.98,1.63
872,norman wells,20,CA,1573345513,84,65.28,-126.83,-0.41,2.24
873,hamilton,75,CA,1573345513,64,43.26,-79.87,41.0,12.75
874,paranapanema,100,BR,1573345513,90,-23.39,-48.72,69.28,12.1
875,cidreira,100,BR,1573345513,87,-30.17,-50.22,71.02,22.44
876,winnemucca,1,US,1573345514,12,40.97,-117.74,64.4,6.93
877,koslan,96,RU,1573345514,94,63.46,48.9,15.94,5.73
878,tasiilaq,87,GL,1573345514,74,65.61,-37.64,33.8,44.96
879,kenai,1,US,1573345514,48,60.55,-151.26,41.0,8.05
880,pokaran,14,IN,1573345514,27,26.93,71.92,69.62,5.68
881,sitka,0,US,1573345514,25,37.17,-99.65,59.0,1.99
882,cabo san lucas,75,MX,1573345285,25,22.89,-109.91,87.8,11.41
883,izyum,0,UA,1573345419,96,49.21,37.25,45.55,6.85
884,quatre cocos,20,MU,1573345515,88,-20.21,57.76,70.0,4.7
885,lerwick,5,GB,1573345515,56,60.15,-1.15,42.8,20.8
886,havoysund,0,NO,1573345515,85,71.0,24.66,19.4,11.41
887,presidencia roque saenz pena,100,AR,1573345515,84,-26.79,-60.44,73.62,3.31
888,ambon,33,FR,1573345515,87,47.55,-2.56,48.99,13.87
889,sehore,0,IN,1573345515,88,23.2,77.08,62.6,3.36
890,lebu,20,ET,1573345515,62,8.96,38.73,57.2,2.24
891,novikovo,82,RU,1573345516,93,51.15,37.89,44.01,8.43
892,uyuni,69,BO,1573345516,16,-20.46,-66.82,56.53,6.78
893,robe,93,ET,1573345516,92,7.12,40.01,47.88,3.49
894,mezen,100,RU,1573345516,91,65.85,44.24,15.22,8.19
895,esperance,94,AU,1573345516,19,-33.86,121.89,78.8,20.8
896,hami,0,CN,1573345516,35,42.84,93.51,30.7,0.4
897,iqaluit,40,CA,1573345359,84,63.75,-68.52,3.2,13.87
898,nanakuli,75,US,1573345517,74,21.39,-158.15,84.99,13.87
899,at-bashi,0,KG,1573345517,39,41.17,75.81,16.57,1.1
900,gatton,0,AU,1573345517,11,-27.56,152.28,82.99,4.7
901,fuxin,100,CN,1573345517,87,42.02,121.65,48.38,6.55
902,yerbogachen,97,RU,1573345517,92,61.28,108.01,-0.5,11.12
903,samarai,100,PG,1573345517,84,-10.62,150.67,80.67,5.26
904,kindu,89,CD,1573345517,97,-2.95,25.92,69.04,0.74
905,kolga,90,EE,1573345517,100,59.49,25.62,44.01,4.7
906,lima,90,PE,1573345503,82,-12.06,-77.04,66.2,11.41
907,fairbanks,1,US,1573345518,84,64.84,-147.72,18.0,2.95
908,tuatapere,100,NZ,1573345518,93,-46.13,167.69,50.0,3.0
909,ambilobe,55,MG,1573345518,75,-13.19,49.05,76.12,8.97
910,yellowknife,75,CA,1573345518,64,62.45,-114.38,-0.41,9.17
911,palmdale,1,US,1573345446,7,34.58,-118.12,91.4,5.82
912,uchaly,10,RU,1573345518,89,54.32,59.38,17.74,2.53
913,codrington,90,AU,1573345518,19,-28.95,153.24,75.2,6.93
914,mont-de-marsan,100,FR,1573345519,87,43.89,-0.5,46.4,4.7
915,flinders,90,AU,1573345519,34,-34.58,150.85,73.99,9.17
916,san quintin,77,PH,1573345519,83,17.54,120.52,76.93,3.76
917,bathsheba,75,BB,1573345251,83,13.22,-59.52,80.6,21.92
918,teguldet,100,RU,1573345519,87,57.31,88.17,2.95,6.55
919,mayo,5,CA,1573345519,83,63.59,-135.9,-7.61,2.24
920,baykit,100,RU,1573345519,91,61.68,96.39,-13.04,6.91
921,klaksvik,100,FO,1573345520,61,62.23,-6.59,37.4,3.36
922,longyearbyen,40,NO,1573345520,79,78.22,15.63,24.8,12.75
923,zhangjiakou,78,CN,1573345451,69,40.77,114.88,27.99,13.67
924,east london,100,ZA,1573345520,83,-33.02,27.91,65.01,13.65
925,muros,40,ES,1573345520,93,42.77,-9.06,55.0,6.62
926,beloha,81,MG,1573345520,83,-25.17,45.06,70.32,9.33
927,sergeyevka,33,KZ,1573345520,56,53.88,67.42,19.6,4.43
928,katsina,0,NG,1573345521,23,12.99,7.6,79.75,6.87
929,itoman,75,JP,1573345521,53,26.12,127.67,73.4,5.82
930,okha,100,RU,1573345521,76,53.59,142.95,26.42,21.54
931,beira,40,ES,1573345521,62,43.2,-8.36,55.99,11.41
932,karpogory,100,RU,1573345521,93,64.0,44.44,20.05,6.76
933,baghmara,100,IN,1573345521,88,23.8,86.21,68.77,6.98
934,dinghai,81,CN,1573345522,59,26.28,119.79,62.6,4.47
935,tooele,1,US,1573345522,46,40.53,-112.3,55.99,5.82
936,carutapera,100,BR,1573345522,78,-1.2,-46.02,81.95,13.56
937,lappeenranta,90,FI,1573345522,100,61.06,28.19,37.4,3.36
938,turukhansk,100,RU,1573345522,99,65.8,87.96,-18.33,4.03
939,qinnan,100,CN,1573345522,43,33.25,119.91,56.64,12.77
940,dongsheng,90,CN,1573345522,63,29.72,112.52,61.29,5.41
941,takestan,0,IR,1573345523,69,36.07,49.69,37.4,2.24
942,la ronge,75,CA,1573345523,66,55.1,-105.3,10.4,10.29
943,paralimni,66,GR,1573345523,78,40.99,23.67,61.0,3.0
944,hobyo,0,SO,1573345523,80,5.35,48.53,78.04,10.89
945,lorengau,100,PG,1573345523,80,-2.02,147.27,82.29,18.81
946,dingle,4,PH,1573345523,76,11.0,122.67,79.95,0.4
947,saldanha,100,PT,1573345523,85,41.42,-6.55,41.76,10.2
948,celestun,27,MX,1573345523,79,20.87,-90.4,80.28,20.07
949,high level,20,CA,1573345524,77,58.52,-117.13,3.2,2.24
950,wanlaweyn,73,SO,1573345524,79,2.62,44.89,78.13,3.27
951,mashivka,19,UA,1573345524,94,49.44,34.87,48.88,9.22
952,camacha,40,PT,1573345524,72,33.08,-16.33,68.0,10.29
953,minas,20,UY,1573345524,82,-34.38,-55.24,62.6,6.93
954,dawlatabad,0,AF,1573345524,46,36.41,64.91,43.81,1.77
955,lengshuitan,69,CN,1573345524,59,26.41,111.6,60.98,0.98
956,tacuarembo,83,UY,1573345524,94,-31.73,-55.98,65.98,9.82
957,west bay,90,CA,1573345525,100,49.34,-123.21,51.01,5.82
958,bukoba,89,TZ,1573345525,67,-1.33,31.81,74.61,6.11
959,tokonou,36,GN,1573345525,81,9.65,-9.78,72.93,2.21
960,ligayan,97,PH,1573345525,72,4.65,119.47,83.41,5.73
961,balikpapan,53,ID,1573345525,81,-1.24,116.86,80.24,2.19
962,south sioux city,1,US,1573345525,70,42.47,-96.41,48.2,3.8
963,san juan del rio,20,MX,1573345526,52,20.39,-99.99,68.0,14.99
964,richards bay,83,ZA,1573345526,75,-28.77,32.06,69.8,14.88
965,varzea da palma,32,BR,1573345526,40,-17.6,-44.73,80.82,15.43
966,caraquet,75,CA,1573345526,68,47.79,-64.94,27.0,8.05
967,vangaindrano,74,MG,1573345526,90,-23.35,47.6,69.49,2.68
968,bryan,1,US,1573345526,71,30.67,-96.37,61.0,4.88
969,ahipara,100,NZ,1573345526,100,-35.17,173.16,73.0,20.22
970,vaitape,86,PF,1573345526,81,-16.52,-151.75,80.6,17.98
971,saint george,49,GR,1573345527,100,39.45,22.34,51.8,4.7
972,ajdabiya,99,LY,1573345527,39,30.75,20.22,71.65,9.01
973,brainerd,90,US,1573345527,92,46.36,-94.2,32.0,3.36
974,solnechnyy,0,RU,1573345527,59,50.72,136.64,15.89,2.51
975,virginia beach,20,US,1573345301,86,36.85,-75.98,45.0,5.5
976,gladstone,0,AU,1573345527,7,-23.84,151.26,86.0,8.05
977,lazaro cardenas,40,MX,1573345527,63,28.39,-105.62,66.2,8.05
978,sinfra,1,CI,1573345528,94,6.62,-5.91,73.0,2.46
979,mount isa,40,AU,1573345474,11,-20.73,139.49,82.4,13.87
980,shimoda,20,JP,1573345528,59,34.7,138.93,64.0,16.11
981,kahului,20,US,1573345528,43,20.89,-156.47,87.8,8.05
982,bilibino,6,RU,1573345528,59,68.06,166.44,2.55,2.93
983,kunming,90,CN,1573345275,93,25.04,102.71,55.0,15.66
984,risor,99,NO,1573345528,89,58.72,9.23,30.99,5.99
985,anadyr,75,RU,1573345528,79,64.73,177.51,24.8,8.95
986,mahebourg,20,MU,1573345528,88,-20.41,57.7,70.0,4.7
987,kavaratti,56,IN,1573345529,71,10.57,72.64,81.14,7.11
988,khatanga,100,RU,1573345529,96,71.98,102.47,-1.72,15.9
989,makasar,34,ID,1573345529,69,-6.28,106.88,82.99,4.7
990,taloda,3,IN,1573345529,67,21.56,74.21,75.69,6.51
991,nantucket,20,US,1573345529,64,41.28,-70.1,39.0,5.82
992,sakaiminato,40,JP,1573345529,71,35.55,133.23,55.4,4.7
993,montepuez,34,MZ,1573345529,84,-13.13,39.0,72.97,4.76
994,nipawin,90,CA,1573345530,72,53.36,-104.02,12.2,12.75
995,camocim,86,BR,1573345530,75,-2.9,-40.84,78.12,5.32
996,geraldton,90,CA,1573345530,92,49.72,-86.95,17.6,3.36
997,ostrovnoy,97,RU,1573345530,94,68.05,39.51,17.02,3.31
998,lewistown,1,US,1573345531,80,40.39,-90.15,48.2,5.82
999,abonnema,75,NG,1573345531,94,4.71,6.79,75.2,3.36
1000,kulhudhuffushi,0,MV,1573345531,67,6.62,73.07,81.75,4.36
1001,pemberton,35,AU,1573345531,85,-34.44,116.03,69.01,5.01
1002,saint-philippe,90,CA,1573345531,59,45.36,-73.48,36.0,12.75
1003,yelan,54,RU,1573345531,95,50.95,43.74,37.0,7.0
1004,troy,20,US,1573345421,34,42.73,-73.69,35.6,12.75
1005,tayoltita,45,MX,1573345531,82,24.11,-105.93,69.94,1.68
1006,necochea,3,AR,1573345532,80,-38.55,-58.74,46.99,1.99
1007,padang,73,ID,1573345532,90,-0.92,100.36,69.49,1.1
1008,camabatela,100,AO,1573345532,92,-8.19,15.37,65.32,1.77
1009,chapais,90,CA,1573345532,85,49.78,-74.86,19.4,8.05
1010,bethanien,0,NA,1573345532,29,-26.5,17.16,63.54,4.54
1011,lasa,0,CY,1573345532,52,34.92,32.53,66.2,8.05
1012,verkhnyaya sinyachikha,0,RU,1573345533,86,57.98,61.67,16.5,4.05
1013,borogontsy,0,RU,1573345533,94,62.67,131.17,-17.85,5.14
1014,sibolga,100,ID,1573345533,94,1.74,98.78,73.8,0.94
1015,high prairie,100,CA,1573345241,95,55.43,-116.48,8.96,5.84
1016,saint-pierre,50,FR,1573345533,93,48.95,4.24,39.99,12.75
1017,paoua,53,CF,1573345533,61,7.24,16.43,70.93,1.54
1018,sardarshahr,0,IN,1573345533,28,28.43,74.48,68.04,3.65
1019,san juan del sur,40,NI,1573345534,94,11.25,-85.87,78.8,20.8
1020,hofn,100,IS,1573345534,76,64.25,-15.21,45.7,27.58
1021,cliza,75,BO,1573345534,45,-17.59,-65.93,66.2,5.82
1022,lyantonde,66,UG,1573345534,90,-0.41,31.15,61.41,0.76
1023,suntar,99,RU,1573345534,93,62.16,117.65,17.91,6.33
1024,alice springs,0,AU,1573345443,13,-23.7,133.88,73.4,14.99
1025,kaeo,92,NZ,1573345534,100,-35.1,173.78,73.0,19.98
1026,la libertad,18,PE,1573345534,41,-16.38,-71.56,60.8,2.24
1027,siuna,59,NI,1573345535,88,13.73,-84.78,74.62,3.06
1028,san antonio,40,CL,1573345373,87,-33.58,-71.61,57.2,5.82
1029,salalah,40,OM,1573345535,74,17.01,54.1,78.8,2.24
1030,ilhabela,95,BR,1573345289,90,-23.78,-45.36,74.55,15.08
1031,carnarvon,98,ZA,1573345535,35,-30.97,22.13,63.36,5.37
1032,misratah,0,LY,1573345360,63,32.38,15.09,67.24,21.7
1033,arica,90,CL,1573345535,72,-18.48,-70.32,66.2,5.82
1034,pangnirtung,100,CA,1573345535,68,66.15,-65.72,20.37,7.14
1035,luan,17,CH,1573345536,74,46.36,6.98,37.99,4.7
1036,port keats,64,AU,1573345536,50,-14.25,129.55,90.91,5.86
1037,pingliang,0,CN,1573345536,54,35.54,106.68,34.66,7.05
1038,onega,100,RU,1573345536,94,63.91,38.09,31.19,14.07
1039,cukai,75,MY,1573345536,100,4.25,103.42,75.2,5.12
1040,port victoria,27,AU,1573345536,67,-34.5,137.49,57.2,4.25
1041,waipawa,52,NZ,1573345536,87,-39.94,176.59,62.01,5.01
1042,olga,1,US,1573345536,18,34.11,-118.17,87.8,3.36
1043,mattru,6,SL,1573345537,91,7.62,-11.83,75.7,2.1
1044,lanzhou,0,CN,1573345537,100,36.06,103.82,17.6,6.71
1045,itupiranga,20,BR,1573345537,78,-5.13,-49.33,82.4,3.36
1046,aras,75,ES,1573345537,87,42.56,-2.36,44.6,14.99
1047,borgarnes,75,IS,1573345537,93,64.54,-21.92,41.0,10.29
1048,coos bay,1,US,1573345537,76,43.37,-124.22,54.0,2.77
1049,arauco,99,CL,1573345538,59,-37.25,-73.32,64.4,12.75
1050,te anau,97,NZ,1573345538,87,-45.41,167.72,45.9,3.65
1051,berdigestyakh,98,RU,1573345538,94,62.1,126.7,2.68,5.82
1052,dulce grande,75,MX,1573345538,40,23.0,-102.17,69.8,11.41
1053,tengzhou,17,CN,1573345538,33,35.11,117.16,55.99,1.01
1054,calbuco,100,CL,1573345538,82,-41.77,-73.13,57.2,5.82
1055,makakilo city,1,US,1573345467,51,21.35,-158.09,84.99,6.93
1056,vila,0,IT,1573345539,100,45.18,8.4,46.99,5.82
1057,bellingham,90,US,1573345539,93,48.75,-122.48,52.0,3.36
1058,zeya,90,RU,1573345539,90,53.74,127.27,4.8,6.51
1059,kavieng,100,PG,1573345539,92,-2.57,150.8,77.31,8.48
1060,viedma,44,AR,1573345539,57,-40.81,-62.99,54.21,8.84
1061,channel-port aux basques,50,CA,1573345539,65,47.57,-59.14,35.8,27.54
1062,gorontalo,95,ID,1573345539,73,0.54,123.06,80.96,2.8
1063,eagle pass,20,MX,1573345539,68,28.71,-100.5,68.0,6.93
1064,rioja,88,PE,1573345540,96,-6.06,-77.17,67.46,0.72
1065,altay,99,CN,1573345540,95,47.83,88.13,22.93,2.42
1066,nerchinskiy zavod,100,RU,1573345540,95,51.31,119.61,23.86,2.57
1067,quesnel,90,CA,1573345540,88,52.98,-122.49,32.0,10.29
1068,nuuk,100,GL,1573345540,49,64.17,-51.74,38.68,21.0
1069,safita,40,SY,1573345540,35,34.82,36.12,71.01,4.7
1070,verkhoyansk,9,RU,1573345541,95,67.55,133.39,-23.72,1.1
1071,sao joao da barra,84,BR,1573345541,89,-21.64,-41.05,75.69,5.99
1072,bayir,19,TR,1573345541,93,37.27,28.22,53.6,4.7
1073,vestmanna,100,FO,1573345541,73,62.16,-7.17,37.4,3.36
1074,lata,0,IN,1573345342,21,30.78,78.62,23.34,3.22
1075,shingu,20,JP,1573345542,62,33.72,135.99,59.0,5.82
1076,khudumelapye,70,BW,1573345542,63,-23.91,24.95,72.34,10.69
1077,sao filipe,94,CV,1573345542,79,14.9,-24.5,74.95,15.43
1078,talaya,0,RU,1573345542,84,55.79,84.89,-0.41,2.24
1079,beringovskiy,100,RU,1573345542,96,63.05,179.32,28.94,13.49
1080,cairns,3,AU,1573345542,31,-16.92,145.77,91.99,11.41
1081,cururupu,100,BR,1573345543,93,-1.82,-44.87,73.85,2.33
1082,lavrentiya,100,RU,1573345543,97,65.58,-170.99,34.7,5.99
1083,smolenka,80,PL,1573345543,88,54.15,22.76,48.38,8.05
1084,mardin,24,TR,1573345543,53,37.32,40.72,50.0,11.41
1085,aksay,100,KZ,1573345543,72,51.17,53.01,32.72,6.78
1086,glace bay,5,CA,1573345543,74,46.2,-59.96,32.0,8.05
1087,tonosho,40,JP,1573345544,76,34.48,134.18,64.0,3.36
1088,kita,7,JP,1573345544,54,35.76,139.74,62.01,4.7
1089,talnakh,98,RU,1573345544,75,69.49,88.39,-16.61,11.18
1090,tabou,12,CI,1573345544,89,4.42,-7.36,76.59,2.62
1091,cockburn town,7,TC,1573345432,79,21.46,-71.14,82.15,11.86
1092,iracoubo,34,GF,1573345544,84,5.48,-53.21,81.82,11.61
1093,orlik,75,PL,1573345544,87,53.95,17.74,46.4,12.75
1094,chulym,59,RU,1573345545,66,55.09,80.97,15.15,9.28
1095,doha,75,QA,1573345250,83,25.29,51.53,80.6,4.7
1096,upernavik,33,GL,1573345545,76,72.79,-56.15,13.1,7.65
1097,rawson,15,AR,1573345545,80,-43.3,-65.11,50.7,20.8
1098,biabou,75,VC,1573345545,78,13.2,-61.13,82.4,5.82
1099,rabaul,100,PG,1573345545,82,-4.2,152.17,80.67,15.32
1100,araouane,85,ML,1573345545,18,18.9,-3.53,80.91,9.35
1101,moses lake,1,US,1573345546,75,47.13,-119.28,46.4,3.27
1102,gohpur,100,IN,1573345546,83,26.89,93.63,67.05,1.3
1103,colares,20,PT,1573345546,82,38.8,-9.45,59.0,6.93
1104,vao,100,EE,1573345547,98,59.1,26.19,42.13,6.42
1105,manggar,0,ID,1573345547,68,-2.88,108.27,83.57,5.5
1106,pacific grove,40,US,1573345547,77,36.62,-121.92,75.2,4.7
1107,saint-georges,80,CA,1573345547,78,46.12,-70.67,28.0,4.0
1108,morondava,0,MG,1573345547,45,-20.3,44.28,76.84,2.26
1109,san jose,32,HN,1573345406,86,14.25,-87.96,65.3,7.0
1110,matara,52,BI,1573345547,87,-3.48,29.48,58.82,4.5
1111,bere,2,ID,1573345548,52,-8.54,120.44,81.39,1.88
1112,henties bay,0,NA,1573345548,91,-22.12,14.28,57.99,4.0
1113,karratha,53,AU,1573345548,55,-20.74,116.85,82.09,8.52
1114,port hardy,90,CA,1573345548,93,50.7,-127.42,50.0,1.57
1115,kathu,24,ZA,1573345548,16,-27.7,23.05,68.65,8.16
1116,margate,20,AU,1573345548,62,-43.03,147.26,59.0,19.46
1117,husavik,100,CA,1573345548,91,50.56,-96.99,23.0,11.01
1118,nunoa,84,PE,1573345549,72,-14.48,-70.64,45.9,8.05
1119,rijeka,100,HR,1573345549,76,45.33,14.44,55.0,2.24
1120,kaspiysk,90,RU,1573345549,93,42.88,47.64,51.8,6.71
1121,masuguru,89,MZ,1573345549,78,-11.38,38.46,77.07,4.99
1122,koratla,0,IN,1573345549,81,18.82,78.72,67.98,3.2
1123,ifanadiana,55,MG,1573345549,98,-21.3,47.64,65.05,1.83
1124,tignere,99,CM,1573345550,65,7.37,12.65,71.65,3.15
1125,port-gentil,20,GA,1573345550,94,-0.72,8.78,77.0,2.24
1126,udachnyy,75,RU,1573345550,83,66.42,112.4,-11.21,6.71
1127,monte aprazivel,96,BR,1573345550,61,-20.77,-49.71,82.4,4.7
1128,rocha,28,UY,1573345466,93,-34.48,-54.34,56.66,7.72
1129,saint anthony,1,US,1573345550,37,43.97,-111.68,51.8,5.57
1130,mehamn,28,NO,1573345550,89,71.03,27.85,17.49,7.65
1131,kifri,0,IQ,1573345550,19,34.69,44.96,67.64,13.13
1132,shelburne,90,CA,1573345550,69,44.08,-80.2,37.4,8.05
1133,porto walter,45,BR,1573345551,58,-8.27,-72.74,80.96,1.28
1134,yar-sale,0,RU,1573345551,98,66.83,70.83,-8.31,5.88
1135,alta floresta,94,BR,1573345441,98,-9.87,-56.08,71.29,5.1
1136,mahibadhoo,61,MV,1573345551,75,3.78,72.97,82.22,8.5
1137,coruripe,3,BR,1573345551,78,-10.12,-36.18,77.97,13.58
1138,rincon de la victoria,75,BO,1573345551,53,-21.52,-64.81,75.2,5.82
1139,ljungby,100,SE,1573345551,100,56.83,13.94,41.0,9.17
1140,mount gambier,40,AU,1573345551,87,-37.83,140.78,51.8,10.29
1141,west lake stevens,90,US,1573345552,93,48.0,-122.1,52.0,3.36
1142,fayaoue,62,NC,1573345552,73,-20.65,166.53,75.65,5.91
1143,kankon,20,IN,1573345552,94,15.02,74.02,75.2,4.7
1144,iralaya,50,HN,1573345552,76,15.0,-83.23,82.78,12.75
1145,westport,20,US,1573345552,55,41.14,-73.36,44.01,12.75
1146,nara,20,JP,1573345552,71,34.68,135.8,63.0,2.24
1147,abashiri,40,JP,1573345553,59,44.01,144.25,33.8,3.36
1148,koutiala,62,ML,1573345553,45,12.39,-5.46,84.54,5.75
1149,udarnyy,0,RU,1573345553,85,54.34,42.86,32.02,7.85
1150,kudahuvadhoo,42,MV,1573345553,79,2.67,72.89,81.95,13.69
1151,tabuk,100,PH,1573345553,93,17.41,121.44,72.45,10.09
1152,sobolevo,100,RU,1573345553,97,54.43,31.9,49.3,10.09
1153,rio branco,40,BR,1573345554,78,-9.98,-67.82,82.4,4.7
1154,krasnovishersk,64,RU,1573345554,92,60.4,57.08,9.01,3.47
1155,iranduba,75,BR,1573345554,94,-3.28,-60.19,77.0,1.12
1156,albanel,90,CA,1573345554,79,48.88,-72.44,26.6,18.34
1157,srandakan,24,ID,1573345554,72,-7.94,110.25,79.99,4.47
1158,santa ana,100,MX,1573345433,47,30.54,-111.12,79.0,1.99
1159,paamiut,100,GL,1573345554,65,61.99,-49.67,38.37,20.51
1160,china,92,MX,1573345555,79,25.71,-99.24,61.81,0.81
1161,havre-saint-pierre,90,CA,1573345555,73,50.23,-63.6,23.0,12.75
1162,vardo,1,US,1573345555,51,39.62,-77.74,37.99,4.7
1163,kobryn,95,BY,1573345555,90,52.21,24.36,53.06,5.64
1164,ratnagiri,0,IN,1573345555,83,16.98,73.3,66.65,1.83
1165,malanje,100,AO,1573345555,96,-9.54,16.35,65.71,2.08
1166,karia,78,NG,1573345555,25,11.73,11.16,79.18,7.18
1167,mitsamiouli,100,KM,1573345556,81,-11.38,43.28,79.25,6.13
1168,rio gallegos,0,AR,1573345556,52,-51.62,-69.22,42.8,23.04
1169,chara,49,GR,1573345556,100,39.42,22.43,51.8,4.7
1170,puerto narino,75,CO,1573345556,94,-3.77,-70.38,80.6,3.36
1171,palana,4,RU,1573345556,72,59.08,159.95,26.62,5.64
1172,surgut,40,RU,1573345556,92,61.25,73.4,5.0,6.71
1173,kotdwara,0,IN,1573345276,61,29.75,78.53,62.58,8.01
1174,baruun-urt,63,MN,1573345557,62,46.68,113.28,32.31,11.05
1175,leerdam,28,NL,1573345557,100,51.9,5.09,41.0,3.36
1176,gore,100,ET,1573345557,98,8.15,35.53,55.72,2.57
1177,portel,48,BR,1573345557,90,-1.94,-50.82,76.42,3.42
1178,noyabrsk,100,RU,1573345557,96,63.2,75.45,4.1,6.76
1179,khandbari,30,NP,1573345557,67,27.38,87.21,44.13,6.2
1180,puerto carreno,40,CO,1573345344,78,6.19,-67.49,82.4,6.93
1181,springdale,1,US,1573345405,66,36.19,-94.13,55.99,6.93
1182,dolores,13,UY,1573345558,75,-33.53,-58.22,71.01,14.0
1183,ongandjera,100,NA,1573345558,68,-17.88,15.07,71.2,2.59
1184,kasongo,60,CD,1573345558,95,-4.43,26.67,70.41,3.42
1185,forbes,0,AU,1573345558,44,-33.38,148.01,63.7,10.96
1186,ha tinh,0,VN,1573345558,75,18.33,105.9,71.69,12.62
1187,dnipryany,2,UA,1573345558,99,46.75,33.27,50.0,7.72
1188,ajaccio,31,FR,1573345559,93,41.93,8.74,48.2,6.93
1189,nkawkaw,100,GH,1573345559,96,6.55,-0.77,73.02,1.36
1190,mathbaria,100,BD,1573345559,90,22.29,89.96,75.6,21.9
1191,egvekinot,0,RU,1573345559,84,66.32,-179.17,15.6,3.69
1192,lundazi,53,ZM,1573345559,61,-12.29,33.17,71.78,12.26
1193,omidiyeh,0,IR,1573345559,68,30.76,49.7,64.4,5.12
1194,bako,59,BF,1573345559,25,12.29,-0.73,83.71,5.77
1195,ilam,0,IR,1573345559,34,33.64,46.42,53.6,6.93
1196,damaturu,98,NG,1573345559,21,11.75,11.96,81.18,6.06
1197,poum,78,MK,1573345356,95,41.28,20.71,46.9,2.35
1198,santa maria,17,BR,1573345560,50,-16.02,-48.01,78.8,3.36
1199,brae,0,GB,1573345560,74,60.4,-1.35,42.8,11.41
1200,seoul,40,KR,1573345126,86,37.57,126.98,50.0,2.24
1201,preobrazheniye,13,RU,1573345560,43,42.9,133.91,36.21,4.41
1202,mananjary,95,MG,1573345560,66,-19.16,46.8,64.69,1.61
1203,riyadh,59,SA,1573345445,46,24.63,46.72,69.8,2.24
1204,aljezur,60,PT,1573345561,78,37.31,-8.8,57.0,21.56
1205,acapulco,5,MX,1573345561,83,16.86,-99.88,84.2,6.93
1206,nouadhibou,83,MR,1573345561,64,20.93,-17.03,68.0,20.8
1207,hualmay,97,PE,1573345562,79,-11.1,-77.61,63.86,3.98
1208,usinsk,69,RU,1573345562,98,66.0,57.56,-0.01,7.58
1209,tibati,100,CM,1573345562,72,6.47,12.63,71.31,1.43
1210,svetlogorsk,0,RU,1573345562,92,53.14,59.15,6.8,2.24
1211,tocopilla,32,CL,1573345562,37,-22.09,-70.2,54.52,2.75
1212,rossland,100,CA,1573345312,72,49.08,-117.8,45.0,1.99
1213,ranau,75,MY,1573345402,70,5.95,116.67,84.2,5.82
1214,grand gaube,20,MU,1573345563,88,-20.01,57.66,70.0,4.7
1215,sibu,75,MY,1573345563,94,2.29,111.83,75.2,3.36
1216,holme,96,DK,1573345563,93,56.11,10.17,42.01,2.24
1217,abha,0,SA,1573345563,87,18.22,42.5,55.4,0.27
1218,patnos,0,TR,1573345563,53,39.23,42.86,31.77,1.05
1219,tukums,90,LV,1573345564,100,56.97,23.17,48.2,8.05
1220,mahajanga,40,MG,1573345564,88,-15.72,46.32,80.6,9.17
1221,conchagua,75,SV,1573345564,62,13.31,-87.86,87.8,2.24
1222,marawi,0,PH,1573345564,79,8.0,124.29,82.0,4.0
1223,guerrero negro,100,MX,1573345564,51,27.97,-114.04,74.71,12.1
1224,woodstock,75,CA,1573345564,74,43.13,-80.75,37.99,11.41
1225,winfield,1,US,1573345565,51,37.24,-97.0,62.01,3.36
1226,ayer tawar,75,MY,1573345565,94,4.3,100.75,77.0,3.65
1227,kartaly,0,RU,1573345565,85,53.05,60.64,8.92,3.87
1228,leh,0,IN,1573345565,30,34.16,77.58,14.58,1.86
1229,aripuana,89,BR,1573345413,97,-9.17,-60.63,74.66,3.53
1230,port blair,80,IN,1573345565,75,11.67,92.75,81.32,1.14
1231,boda,62,CF,1573345565,79,4.32,17.47,72.93,1.43
1232,adrar,0,DZ,1573345566,34,27.87,-0.29,53.6,11.41
1233,lompoc,1,US,1573345566,77,34.64,-120.46,73.0,12.75
1234,mahon,20,IE,1573345566,81,51.89,-8.4,42.8,12.75
1235,balabac,25,PH,1573345357,78,7.99,117.06,81.43,13.47
1236,pangkalanbuun,60,ID,1573345566,75,-2.68,111.62,81.0,1.19
1237,thunder bay,90,CA,1573345406,92,48.41,-89.26,30.0,3.36
1238,seymchan,100,RU,1573345566,95,62.93,152.39,-1.99,13.85
1239,nuevo progreso,75,US,1573345566,68,26.05,-97.95,69.01,5.06
1240,strezhevoy,100,RU,1573345567,84,60.73,77.6,1.4,4.47
1241,barpeta,90,IN,1573345567,88,26.33,91.01,75.2,6.93
1242,samana,85,EC,1573345567,66,0.12,-76.97,84.2,8.05
1243,nikki,0,BJ,1573345567,54,9.94,3.21,76.48,4.03
1244,sorland,11,NO,1573345567,63,67.67,12.69,32.77,15.95
1245,jackson,1,US,1573345347,42,43.48,-110.76,50.0,2.8
1246,kovdor,100,RU,1573345568,95,67.56,30.47,8.08,4.99
1247,langsa,100,ID,1573345568,92,4.47,97.97,75.63,2.04
1248,raudeberg,0,NO,1573345568,63,61.99,5.14,34.0,10.29
1249,maiduguri,72,NG,1573345568,23,11.84,13.15,82.71,9.8
1250,ushtobe,100,KZ,1573345568,52,45.25,77.98,43.21,4.12
1251,pitsunda,20,GE,1573345568,62,43.16,40.34,60.01,8.03
1252,humboldt,81,CA,1573345568,84,52.21,-105.12,9.39,9.82
1253,chicama,75,PE,1573345569,82,-7.84,-79.15,64.4,10.29
1254,moose factory,1,CA,1573345569,85,51.26,-80.61,12.2,4.7
1255,grindavik,75,IS,1573345569,86,63.84,-22.43,41.0,6.93
1256,yarada,75,IN,1573345569,88,17.65,83.27,73.4,2.24
1257,zvenigovo,90,RU,1573345569,100,55.97,48.02,26.6,11.18
1258,mae hong son,20,MM,1573345569,88,19.3,97.96,71.6,2.13
1259,marsh harbour,86,BS,1573345569,74,26.54,-77.06,73.67,16.6
1260,hemnesberget,0,NO,1573345570,75,66.23,13.61,4.35,5.23
1261,carepa,90,CO,1573345570,88,7.76,-76.65,77.0,4.7
1262,awbari,100,LY,1573345570,30,26.59,12.77,70.75,11.16
1263,gramsh,93,AL,1573345570,98,40.87,20.19,54.09,5.32
1264,shilka,100,RU,1573345570,90,51.85,116.03,28.74,5.68
1265,komsomolskiy,39,RU,1573345570,100,67.55,63.78,-5.18,2.93
1266,sambava,87,MG,1573345570,96,-14.27,50.17,71.29,1.43
1267,faya,0,SA,1573345571,87,18.39,42.45,55.4,2.28
1268,petropavlovka,98,RU,1573345571,60,50.61,105.32,26.64,7.47
1269,majene,78,ID,1573345571,66,-3.54,118.97,82.81,2.26
1270,luganville,40,VU,1573345571,70,-15.51,167.18,84.2,6.93
1271,mogadishu,38,SO,1573345571,75,2.04,45.34,81.39,7.74
1272,nurlat,100,RU,1573345571,81,54.43,50.8,28.04,5.12
1273,siilinjarvi,90,FI,1573345571,100,63.08,27.67,33.8,5.82
1274,mogzon,96,RU,1573345572,86,51.74,111.97,27.43,14.45
1275,micheweni,43,TZ,1573345572,79,-4.97,39.83,81.77,11.14
1276,srednekolymsk,100,RU,1573345572,95,67.46,153.71,2.57,10.56
1277,sola,36,TZ,1573345572,72,-3.17,33.8,69.13,5.14
1278,mandan,90,US,1573345572,100,46.83,-100.89,37.4,11.41
1279,bilma,0,NE,1573345367,14,18.69,12.92,73.9,6.06
1280,maloy,100,ID,1573345572,93,1.0,118.1,75.33,1.54
1281,am timan,67,TD,1573345572,31,11.04,20.28,75.15,4.07
1282,williams lake,90,CA,1573345573,93,52.13,-122.14,41.0,6.93
1283,mazsalaca,100,LV,1573345573,97,57.87,25.05,46.99,1.99
1284,jalu,76,LY,1573345573,25,29.03,21.55,73.44,10.71
1285,tromso,75,NO,1573345573,92,69.65,18.96,14.0,6.93
1286,diamantina,78,BR,1573345573,61,-18.24,-43.6,70.97,1.52
1287,burewala,0,PK,1573345573,36,30.16,72.68,59.11,2.89
1288,roma,88,IT,1573345334,93,41.89,12.48,51.01,3.36
1289,kaa-khem,100,RU,1573345574,46,51.7,94.56,23.83,4.81
1290,mallaig,99,CA,1573345574,92,54.21,-111.37,11.28,7.58
1291,tomohon,20,ID,1573345574,83,1.33,124.84,78.8,2.24
1292,lobito,76,AO,1573345575,86,-12.35,13.55,78.15,3.44
1293,cayenne,20,GF,1573345575,88,4.94,-52.33,80.6,5.82
1294,palizada,75,MX,1573345575,74,18.25,-92.09,82.4,11.41
1295,manoel urbano,100,BR,1573345575,63,-8.84,-69.26,80.92,2.57
1296,karaton,20,ID,1573345575,74,-6.34,106.1,82.99,8.05
1297,terney,0,RU,1573345575,39,45.05,136.61,29.43,6.06
1298,pouebo,63,NC,1573345575,35,-20.4,164.57,83.26,4.9
1299,strelka,100,RU,1573345576,95,58.08,93.03,-3.09,7.27
1300,chakia,62,IN,1573345576,76,26.42,85.05,71.26,1.7
1301,mildura,5,AU,1573345576,42,-34.18,142.16,64.4,6.93
1302,tilichiki,100,RU,1573345576,98,60.47,166.1,32.34,19.04
1303,galesong,20,ID,1573345576,78,-5.32,119.37,82.4,2.24
1304,tarime,60,TZ,1573345576,83,-1.35,34.38,64.06,2.57
1305,montalvo,100,ES,1573345577,87,40.62,-5.41,51.01,16.11
1306,cagliari,5,IT,1573345577,92,46.38,10.88,37.99,4.72
1307,shangqiu,0,CN,1573345577,41,34.42,115.65,58.03,16.6
1308,young,50,UY,1573345577,71,-32.7,-57.63,73.0,4.0
1309,sao felix do xingu,97,BR,1573345577,95,-6.64,-51.99,72.46,1.54
1310,manta,45,RO,1573345577,78,45.1,24.1,52.77,7.16
1311,seydi,0,NE,1573345577,18,13.34,7.75,80.94,5.17
1312,edd,0,ER,1573345578,41,13.93,41.69,82.81,2.01
1313,el alto,75,BO,1573345578,61,-16.5,-68.19,48.2,10.29
1314,benjamin aceval,90,PY,1573345578,94,-24.97,-57.57,71.6,20.8
1315,kidal,48,ML,1573345578,26,18.44,1.41,77.0,17.07
1316,hudson bay,96,CA,1573345578,81,52.86,-102.4,10.71,9.1
1317,ambulu,2,ID,1573345578,81,-8.35,113.61,78.42,4.79
1318,college,1,US,1573345576,84,64.86,-147.8,24.8,4.59
1319,selfoss,75,IS,1573345578,97,63.94,-21.0,41.0,10.29
1320,namibe,0,AO,1573345579,76,-15.19,12.15,76.69,7.54
1321,picos,96,BR,1573345579,35,-7.08,-41.47,86.58,1.72
1322,naze,75,NG,1573345409,94,5.43,7.07,75.2,3.36
1323,luanda,75,AO,1573345579,83,-8.83,13.24,80.6,5.82
1324,tuy hoa,100,VN,1573345579,85,13.08,109.3,73.56,26.57
1325,shirokiy,68,RU,1573345579,100,53.87,39.17,37.99,4.0
1326,mega,76,ET,1573345579,91,4.06,38.32,65.14,9.95
1327,valle de allende,99,MX,1573345580,72,26.94,-105.39,64.74,7.25
1328,ust-nera,92,RU,1573345580,96,64.57,143.24,-4.94,6.33
1329,san felipe,0,CL,1573345544,31,-32.75,-70.73,60.39,3.31
1330,herisau,0,CH,1573345580,74,47.39,9.28,37.0,4.7
1331,bandarbeyla,0,SO,1573345580,73,9.49,50.81,79.02,14.85
1332,wilmington,1,US,1573345551,40,39.75,-75.55,37.0,4.7
1333,qaqortoq,100,GL,1573345580,23,60.72,-46.03,48.2,41.38
1334,los llanos de aridane,75,ES,1573345580,73,28.66,-17.92,69.8,14.99
1335,vung tau,100,VN,1573345581,77,10.35,107.08,73.63,13.58
1336,xining,0,CN,1573345581,28,36.62,101.77,27.77,4.54
1337,tabat,99,ID,1573345581,79,-2.64,115.23,80.56,0.43
1338,thinadhoo,81,MV,1573345581,77,0.53,72.93,81.55,8.34
1339,tucuman,34,PE,1573345581,55,-17.17,-70.89,57.02,2.75
1340,coihaique,90,CL,1573345581,58,-45.58,-72.07,59.0,3.36
1341,sao jose da coroa grande,96,BR,1573345581,79,-8.9,-35.15,79.23,14.41
1342,talara,15,PE,1573345581,89,-4.58,-81.27,66.4,14.2
1343,tigzirt,64,DZ,1573345582,83,36.57,4.2,44.22,5.3
1344,rockhampton,18,AU,1573345302,7,-23.38,150.51,84.2,8.05
1345,kamenka,47,MD,1573345582,91,48.03,28.7,55.99,5.99
1346,livingston,1,US,1573345582,87,32.58,-88.19,51.8,1.43
1347,aswan,0,EG,1573345582,35,24.09,32.9,73.4,3.36
1348,chulman,100,RU,1573345582,95,56.84,124.9,5.11,1.99
1349,manokwari,91,ID,1573345583,68,-0.87,134.08,80.02,3.67
1350,tshikapa,100,CD,1573345583,96,-6.42,20.79,70.57,1.03
1351,evensk,100,RU,1573345583,84,61.92,159.24,23.99,32.79
1352,okhotsk,23,RU,1573345583,72,59.36,143.24,8.04,18.72
1353,kaohsiung,75,TW,1573345583,64,22.62,120.31,75.0,5.82
1354,itarema,56,BR,1573345583,76,-2.92,-39.92,78.84,12.26
1355,brasilia de minas,5,BR,1573345583,28,-16.21,-44.43,79.41,9.17
1356,princeton,1,US,1573345492,59,40.35,-74.66,41.0,9.13
1357,camacari,20,BR,1573345535,78,-12.7,-38.32,80.6,14.99
1358,kobayashi,1,JP,1573345584,76,32.03,131.02,57.2,3.36
1359,atlantis,17,ZA,1573345584,72,-33.57,18.5,64.99,5.82
1360,rincon,40,PA,1573345584,94,8.46,-82.28,80.6,2.24
1361,perevolotskiy,99,RU,1573345585,79,51.88,54.19,29.68,7.45
1362,kheralu,24,IN,1573345585,64,23.89,72.62,73.56,6.11
1363,anta,75,PE,1573345585,54,-13.47,-72.15,59.0,8.05
1364,westminster,20,US,1573345334,17,33.76,-117.99,87.8,3.36
1365,nelson bay,0,AU,1573345585,27,-32.72,152.14,75.0,13.87
1366,noumea,75,NC,1573345585,57,-22.28,166.46,80.6,12.75
1367,churapcha,0,RU,1573345585,94,62.0,132.43,-19.32,4.76
1368,wajima,20,JP,1573345586,61,37.4,136.9,50.0,4.7
1369,vestmannaeyjar,87,IS,1573345586,82,63.44,-20.27,44.42,16.6
